CREATE TABLE IF NOT EXISTS `assets` (`at_uid` int(11) NOT NULL AUTO_INCREMENT,`at_id` varchar(32) NOT NULL,`at_collection` varchar(64) NOT NULL,`at_order` int(11) NOT NULL DEFAULT 0,`at_name` varchar(256) NOT NULL,`at_type` varchar(16) NOT NULL,`at_time` decimal(8,4) NOT NULL DEFAULT 5.0000,`at_action` text NOT NULL,`at_frames` int(11) NOT NULL DEFAULT 1,`at_frtime` int(11) NOT NULL DEFAULT 100,`at_file1` varchar(1024) NOT NULL,`at_file2` varchar(1024) NOT NULL,`at_file3` varchar(1024) NOT NULL,`at_file4` varchar(1024) NOT NULL,`at_file5` varchar(1024) NOT NULL,PRIMARY KEY (`at_uid`),KEY `at_id` (`at_id`),KEY `at_collection` (`at_collection`)) ENGINE=InnoDB;
CREATE TABLE IF NOT EXISTS `collections` (`cl_uid` varchar(64) NOT NULL,`cl_id` varchar(32) NOT NULL,`cl_movie` varchar(32) NOT NULL,`cl_title` varchar(256) NOT NULL,`cl_transition` varchar(8) NOT NULL DEFAULT 'alpha',`cl_time` decimal(8,4) NOT NULL DEFAULT 1.0000,PRIMARY KEY (`cl_uid`),KEY `cl_id` (`cl_id`),KEY `cl_movie` (`cl_movie`)) ENGINE=InnoDB;
CREATE TABLE IF NOT EXISTS `config` (`cf_key` varchar(16) NOT NULL,`cf_value` text NOT NULL,PRIMARY KEY (`cf_key`)) ENGINE=InnoDB;
CREATE TABLE IF NOT EXISTS `fonts` (`fn_name` varchar(128) NOT NULL,`fn_file` varchar(512) NOT NULL,PRIMARY KEY (`fn_name`)) ENGINE=InnoDB;
CREATE TABLE IF NOT EXISTS `instancedesc` (`id_id` int(11) NOT NULL AUTO_INCREMENT,`id_instance` int(11) NOT NULL,`id_position` varchar(1) NOT NULL,`id_order` tinyint(4) NOT NULL DEFAULT 0,`id_x` int(11) NOT NULL DEFAULT 0,`id_y` int(11) NOT NULL DEFAULT 0,`id_alpha` decimal(4,3) NOT NULL DEFAULT 1.000,`id_width` int(11) NOT NULL DEFAULT 64,`id_height` int(11) NOT NULL DEFAULT 64,`id_rotation` int(11) NOT NULL DEFAULT 0,`id_visible` tinyint(4) NOT NULL DEFAULT 1,`id_color` varchar(8) NOT NULL DEFAULT '0x000000',`id_coloralpha` decimal(4,3) NOT NULL DEFAULT 0.000,`id_volume` decimal(4,3) NOT NULL DEFAULT 1.000,`id_pan` decimal(4,3) NOT NULL DEFAULT 0.000,`id_blur` varchar(128) NOT NULL DEFAULT '',`id_dropshadow` varchar(128) NOT NULL DEFAULT '',`id_textfont` varchar(128) NOT NULL DEFAULT '',`id_textsize` tinyint(4) NOT NULL DEFAULT 12,`id_textcolor` varchar(8) NOT NULL DEFAULT '0xFFFFFF',`id_textbold` tinyint(4) NOT NULL DEFAULT 0,`id_textitalic` tinyint(4) NOT NULL DEFAULT 0,`id_textleading` tinyint(4) NOT NULL DEFAULT 0,`id_textspacing` tinyint(4) NOT NULL DEFAULT 0,`id_textbackground` varchar(8) NOT NULL DEFAULT '',`id_textalign` varchar(8) NOT NULL DEFAULT 'left',PRIMARY KEY (`id_id`),KEY `id_instance` (`id_instance`)) ENGINE=InnoDB;
CREATE TABLE IF NOT EXISTS `instances` (`in_id` int(11) NOT NULL AUTO_INCREMENT,`in_keyframe` int(11) NOT NULL,`in_name` varchar(32) NOT NULL,`in_collection` varchar(32) NOT NULL,`in_asset` varchar(32) NOT NULL,`in_action` text NOT NULL,`in_play` tinyint(4) NOT NULL DEFAULT 1,PRIMARY KEY (`in_id`),KEY `in_keyframe` (`in_keyframe`)) ENGINE=InnoDB;
CREATE TABLE IF NOT EXISTS `keyframes` (`kf_id` int(11) NOT NULL AUTO_INCREMENT,`kf_scene` int(11) NOT NULL,`kf_order` tinyint(4) NOT NULL,PRIMARY KEY (`kf_id`),KEY `kf_scene` (`kf_scene`)) ENGINE=InnoDB;
CREATE TABLE IF NOT EXISTS `movies` (`mv_id` varchar(32) NOT NULL,`mv_user` varchar(256) NOT NULL,`mv_collaborators` varchar(2048) NOT NULL DEFAULT '',`mv_author` varchar(256) NOT NULL,`mv_title` varchar(512) NOT NULL,`mv_about` varchar(2048) NOT NULL DEFAULT '',`mv_copyright` varchar(128) NOT NULL DEFAULT '',`mv_copyleft` varchar(128) NOT NULL DEFAULT '',`mv_tags` varchar(1024) NOT NULL DEFAULT '',`mv_favicon` varchar(1024) NOT NULL DEFAULT '',`mv_image` varchar(1024) NOT NULL DEFAULT '',`mv_key` varchar(32) NOT NULL DEFAULT '',`mv_start` varchar(32) NOT NULL DEFAULT '',`mv_acstart` text NOT NULL,`mv_screenbig` int(11) NOT NULL DEFAULT 1920,`mv_screensmall` int(11) NOT NULL DEFAULT 1080,`mv_screentype` varchar(16) NOT NULL DEFAULT 'both',`mv_screenbg` varchar(8) NOT NULL DEFAULT '0x000000',`mv_interval` decimal(3,2) NOT NULL DEFAULT 1.00,`mv_origin` varchar(16) NOT NULL DEFAULT 'center',`mv_animation` varchar(16) NOT NULL DEFAULT 'linear',`mv_fonts` text NOT NULL,`mv_style` longtext NOT NULL,`mv_actions` longtext NOT NULL,`mv_theme` text NOT NULL,`mv_texts` longtext NOT NULL,`mv_numbers` longtext NOT NULL,`mv_flags` longtext NOT NULL,`mv_plugins` varchar(1024) NOT NULL DEFAULT '',`mv_created` datetime NOT NULL DEFAULT current_timestamp(),`mv_updated` datetime NOT NULL DEFAULT current_timestamp() ON UPDATE current_timestamp(),PRIMARY KEY (`mv_id`),KEY `mv_title` (`mv_title`),KEY `mv_updated` (`mv_updated`),KEY `mv_user` (`mv_user`),KEY `mv_collaborators` (`mv_collaborators`(768)),KEY `mv_collaborators_2` (`mv_collaborators`(768))) ENGINE=InnoDB;
CREATE TABLE IF NOT EXISTS `pluginconfig` (`pc_id` varchar(64) NOT NULL,`pc_active` tinyint(4) NOT NULL DEFAULT 1,`pc_setup` longtext NOT NULL,`pc_file` varchar(64) NOT NULL,`pc_index` tinyint(4) NOT NULL DEFAULT 0,`pc_ws` tinyint(4) NOT NULL DEFAULT 0,PRIMARY KEY (`pc_id`)) ENGINE=InnoDB;
CREATE TABLE IF NOT EXISTS `plugins` (`pl_id` varchar(128) NOT NULL,`pl_name` varchar(64) NOT NULL,`pl_movie` varchar(64) NOT NULL,`pl_scene` varchar(64) NOT NULL,`pl_config` longtext NOT NULL,PRIMARY KEY (`pl_id`),KEY `pl_name` (`pl_name`),KEY `pl_movie` (`pl_movie`,`pl_scene`)) ENGINE=InnoDB;
CREATE TABLE IF NOT EXISTS `scenes` (`sc_uid` int(11) NOT NULL AUTO_INCREMENT,`sc_id` varchar(32) NOT NULL,`sc_movie` varchar(32) NOT NULL,`sc_published` tinyint(4) NOT NULL DEFAULT 0,`sc_title` varchar(256) NOT NULL,`sc_about` varchar(2048) NOT NULL DEFAULT '',`sc_image` varchar(1024) NOT NULL DEFAULT '',`sc_up` varchar(32) NOT NULL DEFAULT '',`sc_down` varchar(32) NOT NULL DEFAULT '',`sc_left` varchar(32) NOT NULL DEFAULT '',`sc_right` varchar(32) NOT NULL DEFAULT '',`sc_nin` varchar(32) NOT NULL DEFAULT '',`sc_nout` varchar(32) NOT NULL DEFAULT '',`sc_collections` varchar(2048) NOT NULL DEFAULT '',`sc_loop` tinyint(4) NOT NULL DEFAULT 0,`sc_acstart` text NOT NULL,`sc_ackeyframes` mediumtext NOT NULL,`sc_user` varchar(512) NOT NULL,`sc_date` datetime NOT NULL DEFAULT current_timestamp(),PRIMARY KEY (`sc_uid`),KEY `sc_id` (`sc_id`),KEY `sc_movie` (`sc_movie`),KEY `sc_published` (`sc_published`)) ENGINE=InnoDB;
CREATE TABLE IF NOT EXISTS `users` (`us_email` varchar(256) NOT NULL,`us_pass` varchar(32) NOT NULL,`us_passtemp` varchar(32) NOT NULL,`us_key` varchar(32) NOT NULL,`us_level` tinyint(4) NOT NULL,`us_created` datetime NOT NULL DEFAULT current_timestamp(),`us_updated` datetime NOT NULL DEFAULT current_timestamp() ON UPDATE current_timestamp(),PRIMARY KEY (`us_email`)) ENGINE=InnoDB;
CREATE TABLE IF NOT EXISTS `visitordata` (`vd_id` varchar(128) NOT NULL,`vd_movie` varchar(64) NOT NULL,`vd_user` varchar(128) NOT NULL,`vd_name` varchar(64) NOT NULL,`vd_value` mediumtext NOT NULL,`vd_created` datetime NOT NULL DEFAULT current_timestamp(),`vd_updated` datetime NOT NULL DEFAULT current_timestamp() ON UPDATE current_timestamp(),PRIMARY KEY (`vd_id`),KEY `vd_movie` (`vd_movie`),KEY `vd_user` (`vd_user`),KEY `vd_name` (`vd_name`)) ENGINE=InnoDB;
CREATE TABLE IF NOT EXISTS `visitors` (`vs_email` varchar(256) NOT NULL,`vs_key` varchar(32) NOT NULL,`vs_created` datetime NOT NULL DEFAULT current_timestamp(),`vs_last` datetime NOT NULL DEFAULT current_timestamp() ON UPDATE current_timestamp(),`vs_code` varchar(8) NOT NULL,`vs_level` tinyint(4) NOT NULL DEFAULT 100,PRIMARY KEY (`vs_email`)) ENGINE=InnoDB;
CREATE TABLE IF NOT EXISTS `visitorstate` (`vs_id` varchar(128) NOT NULL,`vs_movie` varchar(64) NOT NULL,`vs_user` varchar(128) NOT NULL,`vs_quick` tinyint(4) NOT NULL DEFAULT 0,`vs_scene` varchar(64) NOT NULL,`vs_about` varchar(512) NOT NULL DEFAULT '',`vs_value` mediumtext NOT NULL,`vs_created` datetime NOT NULL DEFAULT current_timestamp(),`vs_updated` datetime NOT NULL DEFAULT current_timestamp() ON UPDATE current_timestamp(),PRIMARY KEY (`vs_id`),KEY `vs_movie` (`vs_movie`),KEY `vs_user` (`vs_user`),KEY `vs_quick` (`vs_quick`)) ENGINE=InnoDB;
INSERT INTO `assets` (`at_uid`, `at_id`, `at_collection`, `at_order`, `at_name`, `at_type`, `at_time`, `at_action`, `at_frames`, `at_frtime`, `at_file1`, `at_file2`, `at_file3`, `at_file4`, `at_file5`) VALUES(43, '2502bb3e15', 'tilbuci4c4561c0937e72d16ce6c9ebcc4d828c', 0, 'press to start', 'paragraph', 5.0000, 'H4sIAAAAAAAAA8vJzy8AAO4dX6EEAAAA', 1, 100, 'press to start', 'press to start', 'press to start', 'press to start', 'press to start'),(2203, '02c7768f70', 'tilbuci2826b9e7a70d76cb354161acc1c86ce5', 0, 'press start', 'spritemap', 5.0000, 'H4sIAAAAAAAAA8vJzy8AAO4dX6EEAAAA', 2, 1000, 'pressstart.png', 'pressstart.png', 'pressstart.png', 'pressstart.png', 'pressstart.png'),(4357, '1bb87d41d1', 'tilbuci4f6dc41b51b61a3d8b937286a6281045', 0, 'tilbuci logo', 'picture', 5.0000, 'H4sIAAAAAAAAA8vJzy8AAO4dX6EEAAAA', 1, 100, 'texts/logo.png', 'texts/logo.png', 'texts/logo.png', 'texts/logo.png', 'texts/logo.png'),(4359, 'aa6111ad17', 'tilbucic97bcfdef0f9f32993c9c4ab8156a6f7', 0, 'credits.html', 'html', 5.0000, 'H4sIAAAAAAAAAwMAAAAAAAAAAAA=', 1, 100, 'credits.html', 'credits.html', 'credits.html', 'credits.html', 'credits.html'),(4739, 'e08fe7a0e9', 'tilbuci2eac758ad6ae2feac8c4a080f1bf779c', 0, 'slide1', 'picture', 3.0000, 'H4sIAAAAAAAAA8tLrSgBADwQLwQEAAAA', 1, 100, 'slideshow/slide1.jpg', 'slideshow/slide1.jpg', 'slideshow/slide1.jpg', 'slideshow/slide1.jpg', 'slideshow/slide1.jpg'),(4740, '0fe4f8b595', 'tilbuci2eac758ad6ae2feac8c4a080f1bf779c', 1, 'slide2', 'picture', 3.0000, 'H4sIAAAAAAAAA8tLrSgBADwQLwQEAAAA', 1, 100, 'slideshow/slide2.jpg', 'slideshow/slide2.jpg', 'slideshow/slide2.jpg', 'slideshow/slide2.jpg', 'slideshow/slide2.jpg'),(4741, '547530a10d', 'tilbuci2eac758ad6ae2feac8c4a080f1bf779c', 2, 'slide3', 'picture', 3.0000, 'H4sIAAAAAAAAA8tLrSgBADwQLwQEAAAA', 1, 100, 'slideshow/slide3.jpg', 'slideshow/slide3.jpg', 'slideshow/slide3.jpg', 'slideshow/slide3.jpg', 'slideshow/slide3.jpg'),(4742, '50db5f8b0c', 'tilbuci2eac758ad6ae2feac8c4a080f1bf779c', 3, 'slide4', 'picture', 3.0000, 'H4sIAAAAAAAAA8tLrSgBADwQLwQEAAAA', 1, 100, 'slideshow/slide4.jpg', 'slideshow/slide4.jpg', 'slideshow/slide4.jpg', 'slideshow/slide4.jpg', 'slideshow/slide4.jpg'),(4743, '6ee503af77', 'tilbuci2eac758ad6ae2feac8c4a080f1bf779c', 4, 'slide5', 'picture', 3.0000, 'H4sIAAAAAAAAA8tLrSgBADwQLwQEAAAA', 1, 100, 'slideshow/slide5.jpg', 'slideshow/slide5.jpg', 'slideshow/slide5.jpg', 'slideshow/slide5.jpg', 'slideshow/slide5.jpg'),(5184, '60d6d0f741', 'tilbucid8a774b86e8f06b9dcfa6e6c1023380a', 0, 'run', 'video', 5.0000, 'H4sIAAAAAAAAA8vJzy8AAO4dX6EEAAAA', 1, 100, 'run_1.mp4', 'run_1.mp4', 'run_1.mp4', 'run_1.mp4', 'run_1.mp4'),(5185, 'b133da02d7', 'tilbucid8a774b86e8f06b9dcfa6e6c1023380a', 1, 'enemies', 'video', 5.0000, 'H4sIAAAAAAAAA8vJzy8AAO4dX6EEAAAA', 1, 100, 'enemies_1.mp4', 'enemies_1.mp4', 'enemies_1.mp4', 'enemies_1.mp4', 'enemies_1.mp4'),(5186, 'a47aaecf32', 'tilbucid8a774b86e8f06b9dcfa6e6c1023380a', 2, 'play', 'video', 5.0000, 'H4sIAAAAAAAAA8vJzy8AAO4dX6EEAAAA', 1, 100, 'play_1.mp4', 'play_1.mp4', 'play_1.mp4', 'play_1.mp4', 'play_1.mp4'),(6051, 'cf02971b47', 'tilbucif83be46442163608f70314115770f718', 0, 'general background', 'picture', 5.0000, 'H4sIAAAAAAAAA8vJzy8AAO4dX6EEAAAA', 1, 100, 'backgrounds/bg-horizontal.jpg', 'backgrounds/bg-horizontal.jpg', 'backgrounds/bg-horizontal.jpg', 'backgrounds/bg-horizontal.jpg', 'backgrounds/bg-horizontal.jpg'),(6052, '31d8e0c40d', 'tilbuci4aa344057a12a0d7e5635ebfe3fb564f', 0, 'home', 'picture', 5.0000, 'H4sIAAAAAAAAA8vJzy8AAO4dX6EEAAAA', 1, 100, 'buci/home.png', 'buci/home.png', 'buci/home.png', 'buci/home.png', 'buci/home.png'),(6053, 'baa9d42eab', 'tilbuci4aa344057a12a0d7e5635ebfe3fb564f', 1, 'right', 'picture', 5.0000, 'H4sIAAAAAAAAA8vJzy8AAO4dX6EEAAAA', 1, 100, 'buci/right.png', 'buci/right.png', 'buci/right.png', 'buci/right.png', 'buci/right.png'),(6054, '39e391ed43', 'tilbuci4aa344057a12a0d7e5635ebfe3fb564f', 2, 'mother', 'picture', 5.0000, 'H4sIAAAAAAAAA8vJzy8AAO4dX6EEAAAA', 1, 100, 'buci/mother.png', 'buci/mother.png', 'buci/mother.png', 'buci/mother.png', 'buci/mother.png'),(6055, '7de9faac34', 'tilbuci4aa344057a12a0d7e5635ebfe3fb564f', 3, 'mother pregnant', 'picture', 5.0000, 'H4sIAAAAAAAAA8vJzy8AAO4dX6EEAAAA', 1, 100, 'buci/motherpregnant.png', 'buci/motherpregnant.png', 'buci/motherpregnant.png', 'buci/motherpregnant.png', 'buci/motherpregnant.png'),(6056, 'bebbd047ea', 'tilbuci4aa344057a12a0d7e5635ebfe3fb564f', 4, 'shelter', 'picture', 5.0000, 'H4sIAAAAAAAAA8vJzy8AAO4dX6EEAAAA', 1, 100, 'buci/shelter.png', 'buci/shelter.png', 'buci/shelter.png', 'buci/shelter.png', 'buci/shelter.png'),(6057, 'fedc5d91b3', 'tilbuci4aa344057a12a0d7e5635ebfe3fb564f', 5, 'sit', 'picture', 5.0000, 'H4sIAAAAAAAAA8vJzy8AAO4dX6EEAAAA', 1, 100, 'buci/sit.png', 'buci/sit.png', 'buci/sit.png', 'buci/sit.png', 'buci/sit.png'),(6058, '9697cac786', 'tilbuci4aa344057a12a0d7e5635ebfe3fb564f', 6, 'question', 'picture', 5.0000, 'H4sIAAAAAAAAA8vJzy8AAO4dX6EEAAAA', 1, 100, 'buci/question.png', 'buci/question.png', 'buci/question.png', 'buci/question.png', 'buci/question.png'),(6059, '4061fc6131', 'tilbuci4aa344057a12a0d7e5635ebfe3fb564f', 7, 'name page', 'picture', 5.0000, 'H4sIAAAAAAAAA8vJzy8AAO4dX6EEAAAA', 1, 100, 'replace/withname/name.png', 'replace/withname/name.png', 'replace/withname/name.png', 'replace/withname/name.png', 'replace/withname/name.png'),(6060, '510ea2f892', 'tilbuci4aa344057a12a0d7e5635ebfe3fb564f', 8, 'lay down', 'picture', 5.0000, 'H4sIAAAAAAAAA8vJzy8AAO4dX6EEAAAA', 1, 100, 'buci/laydown.png', 'buci/laydown.png', 'buci/laydown.png', 'buci/laydown.png', 'buci/laydown.png'),(6061, 'b46deac45d', 'tilbuci4aa344057a12a0d7e5635ebfe3fb564f', 9, 'sad', 'picture', 5.0000, 'H4sIAAAAAAAAA8vJzy8AAO4dX6EEAAAA', 1, 100, 'buci/sad.png', 'buci/sad.png', 'buci/sad.png', 'buci/sad.png', 'buci/sad.png'),(6062, 'd4e842dbbd', 'tilbuci4aa344057a12a0d7e5635ebfe3fb564f', 10, 'rain', 'video', 5.0000, 'H4sIAAAAAAAAA8vJzy8AAO4dX6EEAAAA', 1, 100, 'rain.mp4', 'rain.mp4', 'rain.mp4', 'rain.mp4', 'rain.mp4'),(6063, '6ccb23efae', 'tilbuci4aa344057a12a0d7e5635ebfe3fb564f', 11, 'mask', 'picture', 5.0000, 'H4sIAAAAAAAAA8vJzy8AAO4dX6EEAAAA', 1, 100, 'buci/mask.png', 'buci/mask.png', 'buci/mask.png', 'buci/mask.png', 'buci/mask.png'),(6064, 'c209756fdf', 'tilbuci4aa344057a12a0d7e5635ebfe3fb564f', 12, 'foster', 'picture', 5.0000, 'H4sIAAAAAAAAA8vJzy8AAO4dX6EEAAAA', 1, 100, 'buci/foster.png', 'buci/foster.png', 'buci/foster.png', 'buci/foster.png', 'buci/foster.png'),(6065, '25a4eed6ba', 'tilbuci4aa344057a12a0d7e5635ebfe3fb564f', 13, 'videos bg', 'picture', 5.0000, 'H4sIAAAAAAAAA8vJzy8AAO4dX6EEAAAA', 1, 100, 'backgrounds/bg-videos.jpg', 'backgrounds/bg-videos.jpg', 'backgrounds/bg-videos.jpg', 'backgrounds/bg-videos.jpg', 'backgrounds/bg-videos.jpg'),(6066, '0ab4193e01', 'tilbuci4aa344057a12a0d7e5635ebfe3fb564f', 14, 'final', 'picture', 5.0000, 'H4sIAAAAAAAAA8vJzy8AAO4dX6EEAAAA', 1, 100, 'buci/final.png', 'buci/final.png', 'buci/final.png', 'buci/final.png', 'buci/final.png'),(6067, 'ac36a24383', 'tilbuci3c4a7e145659cf17354c42b37bc296da', 0, 'from beginning', 'picture', 5.0000, 'H4sIAAAAAAAAA8vJzy8AAO4dX6EEAAAA', 1, 100, 'buttons/bt-frombeginning.png', 'buttons/bt-frombeginning.png', 'buttons/bt-frombeginning.png', 'buttons/bt-frombeginning.png', 'buttons/bt-frombeginning.png'),(6068, '476a03abfc', 'tilbuci3c4a7e145659cf17354c42b37bc296da', 1, 'load bookmark', 'picture', 5.0000, 'H4sIAAAAAAAAA8vJzy8AAO4dX6EEAAAA', 1, 100, 'buttons/bt-loadbookmark.png', 'buttons/bt-loadbookmark.png', 'buttons/bt-loadbookmark.png', 'buttons/bt-loadbookmark.png', 'buttons/bt-loadbookmark.png'),(6069, 'd9b06a1dd3', 'tilbuci3c4a7e145659cf17354c42b37bc296da', 2, 'fullscreen', 'picture', 5.0000, 'H4sIAAAAAAAAA8vJzy8AAO4dX6EEAAAA', 1, 100, 'buttons/bt-fullscreen.png', 'buttons/bt-fullscreen.png', 'buttons/bt-fullscreen.png', 'buttons/bt-fullscreen.png', 'buttons/bt-fullscreen.png'),(6070, 'd49a0debb0', 'tilbuci3c4a7e145659cf17354c42b37bc296da', 3, 'left', 'picture', 5.0000, 'H4sIAAAAAAAAA8vJzy8AAO4dX6EEAAAA', 1, 100, 'buttons/bt-left.png', 'buttons/bt-left.png', 'buttons/bt-left.png', 'buttons/bt-left.png', 'buttons/bt-left.png'),(6071, 'c8f445acfa', 'tilbuci3c4a7e145659cf17354c42b37bc296da', 4, 'menu', 'picture', 5.0000, 'H4sIAAAAAAAAA8vJzy8AAO4dX6EEAAAA', 1, 100, 'buttons/bt-menu.png', 'buttons/bt-menu.png', 'buttons/bt-menu.png', 'buttons/bt-menu.png', 'buttons/bt-menu.png'),(6072, 'beca4864ef', 'tilbuci3c4a7e145659cf17354c42b37bc296da', 5, 'right', 'picture', 5.0000, 'H4sIAAAAAAAAA8vJzy8AAO4dX6EEAAAA', 1, 100, 'buttons/bt-right.png', 'buttons/bt-right.png', 'buttons/bt-right.png', 'buttons/bt-right.png', 'buttons/bt-right.png'),(6073, '3404e354d5', 'tilbuci3c4a7e145659cf17354c42b37bc296da', 6, 'home', 'picture', 5.0000, 'H4sIAAAAAAAAA8vJzy8AAO4dX6EEAAAA', 1, 100, 'buttons/bt-home.png', 'buttons/bt-home.png', 'buttons/bt-home.png', 'buttons/bt-home.png', 'buttons/bt-home.png'),(6074, 'c304d25c66', 'tilbuci3c4a7e145659cf17354c42b37bc296da', 7, 'save bookmark', 'picture', 5.0000, 'H4sIAAAAAAAAA8vJzy8AAO4dX6EEAAAA', 1, 100, 'buttons/bt-savebookmark.png', 'buttons/bt-savebookmark.png', 'buttons/bt-savebookmark.png', 'buttons/bt-savebookmark.png', 'buttons/bt-savebookmark.png'),(6075, '7cf31720e9', 'tilbuci3c4a7e145659cf17354c42b37bc296da', 8, 'back', 'picture', 5.0000, 'H4sIAAAAAAAAA8vJzy8AAO4dX6EEAAAA', 1, 100, 'buttons/bt-back.png', 'buttons/bt-back.png', 'buttons/bt-back.png', 'buttons/bt-back.png', 'buttons/bt-back.png'),(6076, '3ca8e9a5b5', 'tilbuci3c4a7e145659cf17354c42b37bc296da', 9, 'tell name', 'picture', 5.0000, 'H4sIAAAAAAAAA8vJzy8AAO4dX6EEAAAA', 1, 100, 'buttons/bt-tellname.png', 'buttons/bt-tellname.png', 'buttons/bt-tellname.png', 'buttons/bt-tellname.png', 'buttons/bt-tellname.png'),(6077, 'bc6903d8eb', 'tilbuci3c4a7e145659cf17354c42b37bc296da', 10, 'nevermind', 'picture', 5.0000, 'H4sIAAAAAAAAA8vJzy8AAO4dX6EEAAAA', 1, 100, 'buttons/bt-nevermind.png', 'buttons/bt-nevermind.png', 'buttons/bt-nevermind.png', 'buttons/bt-nevermind.png', 'buttons/bt-nevermind.png'),(6078, '1e7afe8fb0', 'tilbuci3c4a7e145659cf17354c42b37bc296da', 11, 'credits', 'picture', 5.0000, 'H4sIAAAAAAAAA8vJzy8AAO4dX6EEAAAA', 1, 100, 'buttons/bt-credits.png', 'buttons/bt-credits.png', 'buttons/bt-credits.png', 'buttons/bt-credits.png', 'buttons/bt-credits.png'),(6079, '6905dacb7b', 'tilbuci3c4a7e145659cf17354c42b37bc296da', 12, 'facebook', 'picture', 5.0000, 'H4sIAAAAAAAAA8vJzy8AAO4dX6EEAAAA', 1, 100, 'buttons/bt-facebook.png', 'buttons/bt-facebook.png', 'buttons/bt-facebook.png', 'buttons/bt-facebook.png', 'buttons/bt-facebook.png'),(6080, '7f794acafd', 'tilbuci3c4a7e145659cf17354c42b37bc296da', 13, 'x share', 'picture', 5.0000, 'H4sIAAAAAAAAA8vJzy8AAO4dX6EEAAAA', 1, 100, 'buttons/bt-x.png', 'buttons/bt-x.png', 'buttons/bt-x.png', 'buttons/bt-x.png', 'buttons/bt-x.png'),(6081, 'ae986811bd', 'tilbuci3c4a7e145659cf17354c42b37bc296da', 14, 'link', 'picture', 5.0000, 'H4sIAAAAAAAAA8vJzy8AAO4dX6EEAAAA', 1, 100, 'buttons/bt-link.png', 'buttons/bt-link.png', 'buttons/bt-link.png', 'buttons/bt-link.png', 'buttons/bt-link.png'),(6082, '93865a96e2', 'tilbuci91ec5ec8ae994565db475c6e2129eb2c', 0, 'background music', 'audio', 5.0000, 'H4sIAAAAAAAAA8vJzy8AAO4dX6EEAAAA', 1, 100, 'music/british-invasion-master-track-194196.mp3', 'music/british-invasion-master-track-194196.mp3', 'music/british-invasion-master-track-194196.mp3', 'music/british-invasion-master-track-194196.mp3', 'music/british-invasion-master-track-194196.mp3'),(6083, '6d6e64b86e', 'tilbucid2ce44910398249e45de0be1702d01cb', 0, 'page 01', 'paragraph', 5.0000, 'H4sIAAAAAAAAA8vJzy8AAO4dX6EEAAAA', 1, 100, 'Hello, would you mind if I told you my story?', 'Hello, would you mind if I told you my story?', 'Hello, would you mind if I told you my story?', 'Hello, would you mind if I told you my story?', 'Hello, would you mind if I told you my story?'),(6084, '1bcd35adbd', 'tilbucid2ce44910398249e45de0be1702d01cb', 1, 'page 02', 'paragraph', 5.0000, 'H4sIAAAAAAAAA8vJzy8AAO4dX6EEAAAA', 1, 100, 'Look at this little dog on the street. Well, that’s not me, but I’m still there. That’s my mom. You can’t see, but me and my brothers are about to be brought to this world.', 'Look at this little dog on the street. Well, that’s not me, but I’m still there. That’s my mom. You can’t see, but me and my brothers are about to be brought to this world.', 'Look at this little dog on the street. Well, that’s not me, but I’m still there. That’s my mom. You can’t see, but me and my brothers are about to be brought to this world.', 'Look at this little dog on the street. Well, that’s not me, but I’m still there. That’s my mom. You can’t see, but me and my brothers are about to be brought to this world.', 'Look at this little dog on the street. Well, that’s not me, but I’m still there. That’s my mom. You can’t see, but me and my brothers are about to be brought to this world.'),(6085, '63d495752a', 'tilbucid2ce44910398249e45de0be1702d01cb', 2, 'page 03', 'paragraph', 5.0000, 'H4sIAAAAAAAAA8vJzy8AAO4dX6EEAAAA', 1, 100, 'Mom’s live was never easy… She is now looking for a place to give birth, alone on the streets, but something is about to change.', 'Mom’s live was never easy… She is now looking for a place to give birth, alone on the streets, but something is about to change.', 'Mom’s live was never easy… She is now looking for a place to give birth, alone on the streets, but something is about to change.', 'Mom’s live was never easy… She is now looking for a place to give birth, alone on the streets, but something is about to change.', 'Mom’s live was never easy… She is now looking for a place to give birth, alone on the streets, but something is about to change.'),(6086, '0bd068cfc0', 'tilbucid2ce44910398249e45de0be1702d01cb', 3, 'page 04', 'paragraph', 5.0000, 'H4sIAAAAAAAAA8vJzy8AAO4dX6EEAAAA', 1, 100, 'Look, someone saw my mom and decided to take care of her. That’s how she ended up in a dog shelter, where my story began.', 'Look, someone saw my mom and decided to take care of her. That’s how she ended up in a dog shelter, where my story began.', 'Look, someone saw my mom and decided to take care of her. That’s how she ended up in a dog shelter, where my story began.', 'Look, someone saw my mom and decided to take care of her. That’s how she ended up in a dog shelter, where my story began.', 'Look, someone saw my mom and decided to take care of her. That’s how she ended up in a dog shelter, where my story began.'),(6087, 'df9cd05638', 'tilbucid2ce44910398249e45de0be1702d01cb', 4, 'page 05', 'paragraph', 5.0000, 'H4sIAAAAAAAAA8vJzy8AAO4dX6EEAAAA', 1, 100, 'It was on April 18th when me and my brothers saw the daylight for the first time. Hello, I’m Buci! ', 'It was on April 18th when me and my brothers saw the daylight for the first time. Hello, I’m Buci! ', 'It was on April 18th when me and my brothers saw the daylight for the first time. Hello, I’m Buci! ', 'It was on April 18th when me and my brothers saw the daylight for the first time. Hello, I’m Buci! ', 'It was on April 18th when me and my brothers saw the daylight for the first time. Hello, I’m Buci! '),(6088, '9da7a9617a', 'tilbucid2ce44910398249e45de0be1702d01cb', 5, 'page 06', 'paragraph', 5.0000, 'H4sIAAAAAAAAA8vJzy8AAO4dX6EEAAAA', 1, 100, 'Oh, and where are my manners? I forgot to ask your name! What is it?', 'Oh, and where are my manners? I forgot to ask your name! What is it?', 'Oh, and where are my manners? I forgot to ask your name! What is it?', 'Oh, and where are my manners? I forgot to ask your name! What is it?', 'Oh, and where are my manners? I forgot to ask your name! What is it?'),(6089, '81a6f1f00c', 'tilbucid2ce44910398249e45de0be1702d01cb', 6, 'page 07', 'paragraph', 5.0000, 'H4sIAAAAAAAAA8vJzy8AAO4dX6EEAAAA', 1, 100, 'So, hi [NAME]!\n\nWelcome to my world!', 'So, hi [NAME]!\n\nWelcome to my world!', 'So, hi [NAME]!\n\nWelcome to my world!', 'So, hi [NAME]!\n\nWelcome to my world!', 'So, hi [NAME]!\n\nWelcome to my world!'),(6090, 'd10442ae56', 'tilbucid2ce44910398249e45de0be1702d01cb', 7, 'page 07 extra', 'paragraph', 5.0000, 'H4sIAAAAAAAAA8vJzy8AAO4dX6EEAAAA', 1, 100, 'Wow, you are famous at the Internet!\n\nI just checked it out and found [NUMBER] results with your name!', 'Wow, you are famous at the Internet!\n\nI just checked it out and found [NUMBER] results with your name!', 'Wow, you are famous at the Internet!\n\nI just checked it out and found [NUMBER] results with your name!', 'Wow, you are famous at the Internet!\n\nI just checked it out and found [NUMBER] results with your name!', 'Wow, you are famous at the Internet!\n\nI just checked it out and found [NUMBER] results with your name!'),(6091, '109a778b73', 'tilbucid2ce44910398249e45de0be1702d01cb', 8, 'page 07 extra 2', 'paragraph', 5.0000, 'H4sIAAAAAAAAA8vJzy8AAO4dX6EEAAAA', 1, 100, 'Are you sure [NAME] is really your name?\n\nI just couldn\'t find any mention to it on the Internet (yeap, I\'m curious).', 'Are you sure [NAME] is really your name?\n\nI just couldn\'t find any mention to it on the Internet (yeap, I\'m curious).', 'Are you sure [NAME] is really your name?\n\nI just couldn\'t find any mention to it on the Internet (yeap, I\'m curious).', 'Are you sure [NAME] is really your name?\n\nI just couldn\'t find any mention to it on the Internet (yeap, I\'m curious).', 'Are you sure [NAME] is really your name?\n\nI just couldn\'t find any mention to it on the Internet (yeap, I\'m curious).'),(6092, 'f34f8d3759', 'tilbucid2ce44910398249e45de0be1702d01cb', 9, 'page 08', 'paragraph', 5.0000, 'H4sIAAAAAAAAA8vJzy8AAO4dX6EEAAAA', 1, 100, 'Life’s never easy, right? But at least I got many friends around here! That helped a lot since even with many people coming to the shelter, no one decided to give me my own home for about two years.\n\nThen came that year… First, I heard someone would finally take me home after the holidays. I usually don’t like the fireworks at all, especially new year’s ones, but this time I didn’t bother!', 'Life’s never easy, right? But at least I got many friends around here! That helped a lot since even with many people coming to the shelter, no one decided to give me my own home for about two years.\n\nThen came that year… First, I heard someone would finally take me home after the holidays. I usually don’t like the fireworks at all, especially new year’s ones, but this time I didn’t bother!', 'Life’s never easy, right? But at least I got many friends around here! That helped a lot since even with many people coming to the shelter, no one decided to give me my own home for about two years.\n\nThen came that year… First, I heard someone would finally take me home after the holidays. I usually don’t like the fireworks at all, especially new year’s ones, but this time I didn’t bother!', 'Life’s never easy, right? But at least I got many friends around here! That helped a lot since even with many people coming to the shelter, no one decided to give me my own home for about two years.\n\nThen came that year… First, I heard someone would finally take me home after the holidays. I usually don’t like the fireworks at all, especially new year’s ones, but this time I didn’t bother!', 'Life’s never easy, right? But at least I got many friends around here! That helped a lot since even with many people coming to the shelter, no one decided to give me my own home for about two years.\n\nThen came that year… First, I heard someone would finally take me home after the holidays. I usually don’t like the fireworks at all, especially new year’s ones, but this time I didn’t bother!'),(6093, 'd01f7e654e', 'tilbucid2ce44910398249e45de0be1702d01cb', 10, 'page 09', 'paragraph', 5.0000, 'H4sIAAAAAAAAA8vJzy8AAO4dX6EEAAAA', 1, 100, 'But that didn’t happen. Some strange holiday illness, they said, prevented them from coming to get me. I can never stand the fireworks again.', 'But that didn’t happen. Some strange holiday illness, they said, prevented them from coming to get me. I can never stand the fireworks again.', 'But that didn’t happen. Some strange holiday illness, they said, prevented them from coming to get me. I can never stand the fireworks again.', 'But that didn’t happen. Some strange holiday illness, they said, prevented them from coming to get me. I can never stand the fireworks again.', 'But that didn’t happen. Some strange holiday illness, they said, prevented them from coming to get me. I can never stand the fireworks again.'),(6094, '15866909b6', 'tilbucid2ce44910398249e45de0be1702d01cb', 11, 'page 10', 'paragraph', 5.0000, 'H4sIAAAAAAAAA8vJzy8AAO4dX6EEAAAA', 1, 100, 'Then came the rains. And they were strong. My house was flooded on a horrible day. One more thing I can never stand again: water!', 'Then came the rains. And they were strong. My house was flooded on a horrible day. One more thing I can never stand again: water!', 'Then came the rains. And they were strong. My house was flooded on a horrible day. One more thing I can never stand again: water!', 'Then came the rains. And they were strong. My house was flooded on a horrible day. One more thing I can never stand again: water!', 'Then came the rains. And they were strong. My house was flooded on a horrible day. One more thing I can never stand again: water!'),(6095, '363a1f38c9', 'tilbucid2ce44910398249e45de0be1702d01cb', 12, 'page 11', 'paragraph', 5.0000, 'H4sIAAAAAAAAA8vJzy8AAO4dX6EEAAAA', 1, 100, 'And then... no one else came. Another strange disease. It was months without seeing new faces.', 'And then... no one else came. Another strange disease. It was months without seeing new faces.', 'And then... no one else came. Another strange disease. It was months without seeing new faces.', 'And then... no one else came. Another strange disease. It was months without seeing new faces.', 'And then... no one else came. Another strange disease. It was months without seeing new faces.'),(6096, 'adcbafa721', 'tilbucid2ce44910398249e45de0be1702d01cb', 13, 'page 12', 'paragraph', 5.0000, 'H4sIAAAAAAAAA8vJzy8AAO4dX6EEAAAA', 1, 100, 'But one day... Two people appeared. I liked them! I heard a name, Lucas, but to this day I don\'t know which one is Lucas. ', 'But one day... Two people appeared. I liked them! I heard a name, Lucas, but to this day I don\'t know which one is Lucas. ', 'But one day... Two people appeared. I liked them! I heard a name, Lucas, but to this day I don\'t know which one is Lucas. ', 'But one day... Two people appeared. I liked them! I heard a name, Lucas, but to this day I don\'t know which one is Lucas. ', 'But one day... Two people appeared. I liked them! I heard a name, Lucas, but to this day I don\'t know which one is Lucas. '),(6097, 'c19c346c87', 'tilbucid2ce44910398249e45de0be1702d01cb', 14, 'page 13', 'paragraph', 5.0000, 'H4sIAAAAAAAAA8vJzy8AAO4dX6EEAAAA', 1, 100, 'And after almost two years in the shelter, I had my own home!', 'And after almost two years in the shelter, I had my own home!', 'And after almost two years in the shelter, I had my own home!', 'And after almost two years in the shelter, I had my own home!', 'And after almost two years in the shelter, I had my own home!'),(6098, '8923e41742', 'tilbucid2ce44910398249e45de0be1702d01cb', 15, 'page 14', 'paragraph', 5.0000, 'H4sIAAAAAAAAA8vJzy8AAO4dX6EEAAAA', 1, 100, 'Where I can run, face my enemies and take care of my stuff, in any order!', 'Where I can run, face my enemies and take care of my stuff, in any order!', 'Where I can run, face my enemies and take care of my stuff, in any order!', 'Where I can run, face my enemies and take care of my stuff, in any order!', 'Where I can run, face my enemies and take care of my stuff, in any order!'),(6099, 'ef2454b56a', 'tilbucid2ce44910398249e45de0be1702d01cb', 16, 'page 15', 'paragraph', 5.0000, 'H4sIAAAAAAAAA8vJzy8AAO4dX6EEAAAA', 1, 100, 'Well, be sure that’s not the end of my story, but I must leave you for now. Time to chase some annoying pigeons!\n\nOh, and now thet you got to the end of this story, what about sharing it with your friends?', 'Well, be sure that’s not the end of my story, but I must leave you for now. Time to chase some annoying pigeons!\n\nOh, and now thet you got to the end of this story, what about sharing it with your friends?', 'Well, be sure that’s not the end of my story, but I must leave you for now. Time to chase some annoying pigeons!\n\nOh, and now thet you got to the end of this story, what about sharing it with your friends?', 'Well, be sure that’s not the end of my story, but I must leave you for now. Time to chase some annoying pigeons!\n\nOh, and now thet you got to the end of this story, what about sharing it with your friends?', 'Well, be sure that’s not the end of my story, but I must leave you for now. Time to chase some annoying pigeons!\n\nOh, and now thet you got to the end of this story, what about sharing it with your friends?');
INSERT INTO `collections` (`cl_uid`, `cl_id`, `cl_movie`, `cl_title`, `cl_transition`, `cl_time`) VALUES('tilbuci2826b9e7a70d76cb354161acc1c86ce5', '2826b9e7a70d76cb354161acc1c86ce5', 'tilbuci', 'simple animations', 'alpha', 1.0000),('tilbuci2eac758ad6ae2feac8c4a080f1bf779c', '2eac758ad6ae2feac8c4a080f1bf779c', 'tilbuci', 'slideshow', 'right', 0.7500),('tilbuci3c4a7e145659cf17354c42b37bc296da', '3c4a7e145659cf17354c42b37bc296da', 'tilbuci', 'buttons', 'alpha', 1.0000),('tilbuci44dcff6b0e8f16c65c04637540764553', '44dcff6b0e8f16c65c04637540764553', 'tilbuci', 'home.png', 'alpha', 1.0000),('tilbuci4aa344057a12a0d7e5635ebfe3fb564f', '4aa344057a12a0d7e5635ebfe3fb564f', 'tilbuci', 'buci', 'alpha', 0.2500),('tilbuci4c4561c0937e72d16ce6c9ebcc4d828c', '4c4561c0937e72d16ce6c9ebcc4d828c', 'tilbuci', 'general texts', 'alpha', 1.0000),('tilbuci4f6dc41b51b61a3d8b937286a6281045', '4f6dc41b51b61a3d8b937286a6281045', 'tilbuci', 'texts', 'alpha', 1.0000),('tilbuci91ec5ec8ae994565db475c6e2129eb2c', '91ec5ec8ae994565db475c6e2129eb2c', 'tilbuci', 'music', 'alpha', 1.0000),('tilbuciae91805682e3d68c37716fdb76f8fdf7', 'ae91805682e3d68c37716fdb76f8fdf7', 'tilbuci', 'home.png', 'alpha', 1.0000),('tilbucic97bcfdef0f9f32993c9c4ab8156a6f7', 'c97bcfdef0f9f32993c9c4ab8156a6f7', 'tilbuci', 'credits.html', 'alpha', 1.0000),('tilbucid2ce44910398249e45de0be1702d01cb', 'd2ce44910398249e45de0be1702d01cb', 'tilbuci', 'page texts', 'alpha', 1.0000),('tilbucid8a774b86e8f06b9dcfa6e6c1023380a', 'd8a774b86e8f06b9dcfa6e6c1023380a', 'tilbuci', 'videos', 'alpha', 1.0000),('tilbucif83be46442163608f70314115770f718', 'f83be46442163608f70314115770f718', 'tilbuci', 'backgrounds', 'alpha', 1.0000);
INSERT INTO `config` (`cf_key`, `cf_value`) VALUES ('dbVersion', '1') ;
INSERT INTO `fonts` (`fn_name`, `fn_file`) VALUES('Averia Serif GWF', 'averiaserifgwf.woff2'),('Liberation Serif', 'liberationserif.woff2'),('Libra Sans', 'librasans.woff2'),('Roboto Sans', 'roboto.woff2');
INSERT INTO `instancedesc` (`id_id`, `id_instance`, `id_position`, `id_order`, `id_x`, `id_y`, `id_alpha`, `id_width`, `id_height`, `id_rotation`, `id_visible`, `id_color`, `id_coloralpha`, `id_volume`, `id_pan`, `id_blur`, `id_dropshadow`, `id_textfont`, `id_textsize`, `id_textcolor`, `id_textbold`, `id_textitalic`, `id_textleading`, `id_textspacing`, `id_textbackground`, `id_textalign`) VALUES(1, 1, 'h', 0, 0, 0, 1.000, 320, 320, 0, 1, '0xFFFFFF', 0.000, 1.000, 0.000, '', '', 'sans', 20, '0xFFFFFF', 0, 0, 10, 0, '', 'left'),(2, 1, 'v', 0, 0, 0, 1.000, 320, 320, 0, 1, '0xFFFFFF', 0.000, 1.000, 0.000, '', '', 'sans', 20, '0xFFFFFF', 0, 0, 10, 0, '', 'left'),(3, 2, 'h', 1, 1594, 755, 1.000, 320, 320, 0, 1, '0xFFFFFF', 0.000, 1.000, 0.000, '', '', 'sans', 20, '0xFFFFFF', 0, 0, 10, 0, '', 'left'),(4, 2, 'v', 1, 0, 0, 1.000, 320, 320, 0, 1, '0xFFFFFF', 0.000, 1.000, 0.000, '', '', 'sans', 20, '0xFFFFFF', 0, 0, 10, 0, '', 'left'),(5, 3, 'h', 0, 0, 0, 1.000, 320, 320, 0, 1, '0xFFFFFF', 0.000, 1.000, 0.000, '', '', 'sans', 20, '0xFFFFFF', 0, 0, 10, 0, '', 'left'),(6, 3, 'v', 0, 0, 0, 1.000, 320, 320, 0, 1, '0xFFFFFF', 0.000, 1.000, 0.000, '', '', 'sans', 20, '0xFFFFFF', 0, 0, 10, 0, '', 'left'),(7, 4, 'h', 1, 1594, 755, 1.000, 320, 320, 0, 1, '0xFFFFFF', 0.000, 1.000, 0.000, '', '', 'sans', 20, '0xFFFFFF', 0, 0, 10, 0, '', 'left'),(8, 4, 'v', 1, 756, 1590, 1.000, 320, 320, 0, 1, '0xFFFFFF', 0.000, 1.000, 0.000, '', '', 'sans', 20, '0xFFFFFF', 0, 0, 10, 0, '', 'left'),(9, 5, 'h', 1, 1594, 755, 1.000, 320, 320, 0, 1, '0xFFFFFF', 0.000, 1.000, 0.000, '', '', 'sans', 20, '0xFFFFFF', 0, 0, 10, 0, '', 'left'),(10, 5, 'v', 1, 756, 1590, 1.000, 320, 320, 0, 1, '0xFFFFFF', 0.000, 1.000, 0.000, '', '', 'sans', 20, '0xFFFFFF', 0, 0, 10, 0, '', 'left'),(11, 6, 'h', 0, 0, 0, 1.000, 320, 320, 0, 1, '0xFFFFFF', 0.000, 1.000, 0.000, '', '', 'sans', 20, '0xFFFFFF', 0, 0, 10, 0, '', 'left'),(12, 6, 'v', 0, 0, 0, 1.000, 320, 320, 0, 1, '0xFFFFFF', 0.000, 1.000, 0.000, '', '', 'sans', 20, '0xFFFFFF', 0, 0, 10, 0, '', 'left'),(13, 7, 'h', 2, 0, 0, 1.000, 320, 320, 0, 1, '0xFFFFFF', 0.000, 1.000, 0.000, '', '', 'sans', 20, '0xFFFFFF', 0, 0, 10, 0, '', 'left'),(14, 7, 'v', 2, 0, 0, 1.000, 320, 320, 0, 1, '0xFFFFFF', 0.000, 1.000, 0.000, '', '', 'sans', 20, '0xFFFFFF', 0, 0, 10, 0, '', 'left'),(15, 8, 'h', 0, 0, 0, 1.000, 320, 320, 0, 1, '0xFFFFFF', 0.000, 1.000, 0.000, '', '', 'sans', 20, '0xFFFFFF', 0, 0, 10, 0, '', 'left'),(16, 8, 'v', 0, 0, 0, 1.000, 320, 320, 0, 1, '0xFFFFFF', 0.000, 1.000, 0.000, '', '', 'sans', 20, '0xFFFFFF', 0, 0, 10, 0, '', 'left'),(17, 9, 'h', 0, 0, 0, 1.000, 320, 320, 0, 1, '0xFFFFFF', 0.000, 1.000, 0.000, '', '', 'sans', 20, '0xFFFFFF', 0, 0, 10, 0, '', 'left'),(18, 9, 'v', 0, 0, 0, 1.000, 320, 320, 0, 1, '0xFFFFFF', 0.000, 1.000, 0.000, '', '', 'sans', 20, '0xFFFFFF', 0, 0, 10, 0, '', 'left'),(1359, 680, 'h', 0, 0, 0, 1.000, 1920, 1080, 0, 1, '0xFFFFFF', 0.000, 1.000, 0.000, '', '', 'sans', 20, '0xFFFFFF', 0, 0, 10, 0, '', 'left'),(1360, 680, 'v', 0, 0, 0, 1.000, 1080, 1920, 0, 1, '0xFFFFFF', 0.000, 1.000, 0.000, '', '', 'sans', 20, '0xFFFFFF', 0, 0, 10, 0, '', 'left'),(1361, 681, 'h', 1, 950, 100, 1.000, 800, 800, 0, 1, '0xFFFFFF', 0.000, 1.000, 0.000, '', '', 'sans', 20, '0xFFFFFF', 0, 0, 10, 0, '', 'left'),(1362, 681, 'v', 1, 190, 280, 1.000, 700, 700, 0, 1, '0xFFFFFF', 0.000, 1.000, 0.000, '', '', 'sans', 20, '0xFFFFFF', 0, 0, 10, 0, '', 'left'),(1363, 682, 'h', 2, 1560, 1000, 1.000, 100, 57, 0, 1, '0xFFFFFF', 0.000, 1.000, 0.000, '', '', 'sans', 20, '0xFFFFFF', 0, 0, 10, 0, '', 'left'),(1364, 682, 'v', 5, 20, 1780, 1.000, 210, 120, 0, 1, '0xFFFFFF', 0.000, 1.000, 0.000, '', '', 'sans', 20, '0xFFFFFF', 0, 0, 10, 0, '', 'left'),(1365, 683, 'h', 4, 1680, 1000, 1.000, 100, 57, 0, 1, '0xFFFFFF', 0.000, 1.000, 0.000, '', '', 'sans', 20, '0xFFFFFF', 0, 0, 10, 0, '', 'left'),(1366, 683, 'v', 3, 850, 20, 1.000, 210, 120, 0, 1, '0xFFFFFF', 0.000, 1.000, 0.000, '', '', 'sans', 20, '0xFFFFFF', 0, 0, 10, 0, '', 'left'),(1367, 684, 'h', 5, 0, 0, 1.000, 320, 320, 0, 1, '0xFFFFFF', 0.000, 0.500, 0.000, '', '', 'sans', 20, '0xFFFFFF', 0, 0, 10, 0, '', 'left'),(1368, 684, 'v', 6, 0, 0, 1.000, 320, 320, 0, 1, '0xFFFFFF', 0.000, 0.500, 0.000, '', '', 'sans', 20, '0xFFFFFF', 0, 0, 10, 0, '', 'left'),(1369, 685, 'h', 5, 1800, 1000, 1.000, 100, 57, 0, 1, '0xFFFFFF', 0.000, 1.000, 0.000, '', '', 'sans', 20, '0xFFFFFF', 0, 0, 10, 0, '', 'left'),(1370, 685, 'v', 4, 850, 1780, 1.000, 210, 120, 0, 1, '0xFFFFFF', 0.000, 1.000, 0.000, '', '', 'sans', 20, '0xFFFFFF', 0, 0, 10, 0, '', 'left'),(1371, 686, 'h', 3, 150, 200, 1.000, 700, 600, 0, 1, '0xFFFFFF', 0.000, 1.000, 0.000, '', '', 'Averia Serif GWF', 50, '0xFFFFFF', 0, 0, 10, 0, '', 'left'),(1372, 686, 'v', 2, 190, 1020, 1.000, 700, 650, 0, 1, '0xFFFFFF', 0.000, 1.000, 0.000, '', '', 'Averia Serif GWF', 60, '0xFFFFFF', 0, 0, 10, 0, '', 'left'),(1373, 687, 'h', 0, 0, 0, 1.000, 1920, 1080, 0, 1, '0xFFFFFF', 0.000, 1.000, 0.000, '', '', 'sans', 20, '0xFFFFFF', 0, 0, 10, 0, '', 'left'),(1374, 687, 'v', 0, 0, 0, 1.000, 1080, 1920, 0, 1, '0xFFFFFF', 0.000, 1.000, 0.000, '', '', 'sans', 20, '0xFFFFFF', 0, 0, 10, 0, '', 'left'),(1375, 688, 'h', 1, 150, 100, 1.000, 800, 800, 0, 1, '0xFFFFFF', 0.000, 1.000, 0.000, '', '', 'sans', 20, '0xFFFFFF', 0, 0, 10, 0, '', 'left'),(1376, 688, 'v', 1, 190, 900, 1.000, 700, 700, 0, 1, '0xFFFFFF', 0.000, 1.000, 0.000, '', '', 'sans', 20, '0xFFFFFF', 0, 0, 10, 0, '', 'left'),(1377, 689, 'h', 2, 1560, 1000, 1.000, 100, 57, 0, 1, '0xFFFFFF', 0.000, 1.000, 0.000, '', '', 'sans', 20, '0xFFFFFF', 0, 0, 10, 0, '', 'left'),(1378, 689, 'v', 5, 20, 1780, 1.000, 210, 120, 0, 1, '0xFFFFFF', 0.000, 1.000, 0.000, '', '', 'sans', 20, '0xFFFFFF', 0, 0, 10, 0, '', 'left'),(1379, 690, 'h', 4, 1680, 1000, 1.000, 100, 57, 0, 1, '0xFFFFFF', 0.000, 1.000, 0.000, '', '', 'sans', 20, '0xFFFFFF', 0, 0, 10, 0, '', 'left'),(1380, 690, 'v', 3, 850, 20, 1.000, 210, 120, 0, 1, '0xFFFFFF', 0.000, 1.000, 0.000, '', '', 'sans', 20, '0xFFFFFF', 0, 0, 10, 0, '', 'left'),(1381, 691, 'h', 5, 0, 0, 1.000, 320, 320, 0, 1, '0xFFFFFF', 0.000, 0.500, 0.000, '', '', 'sans', 20, '0xFFFFFF', 0, 0, 10, 0, '', 'left'),(1382, 691, 'v', 6, 0, 0, 1.000, 320, 320, 0, 1, '0xFFFFFF', 0.000, 0.500, 0.000, '', '', 'sans', 20, '0xFFFFFF', 0, 0, 10, 0, '', 'left'),(1383, 692, 'h', 5, 1800, 1000, 1.000, 100, 57, 0, 1, '0xFFFFFF', 0.000, 1.000, 0.000, '', '', 'sans', 20, '0xFFFFFF', 0, 0, 10, 0, '', 'left'),(1384, 692, 'v', 4, 850, 1780, 1.000, 210, 120, 0, 1, '0xFFFFFF', 0.000, 1.000, 0.000, '', '', 'sans', 20, '0xFFFFFF', 0, 0, 10, 0, '', 'left'),(1385, 693, 'h', 3, 1050, 400, 1.000, 700, 508, 0, 1, '0xFFFFFF', 0.000, 1.000, 0.000, '', '', 'Averia Serif GWF', 50, '0xFFFFFF', 0, 0, 10, 0, '', 'left'),(1386, 693, 'v', 2, 190, 280, 1.000, 700, 650, 0, 1, '0xFFFFFF', 0.000, 1.000, 0.000, '', '', 'Averia Serif GWF', 60, '0xFFFFFF', 0, 0, 10, 0, '', 'left'),(1387, 694, 'h', 0, 0, 0, 1.000, 1920, 1080, 0, 1, '0xFFFFFF', 0.000, 1.000, 0.000, '', '', 'sans', 20, '0xFFFFFF', 0, 0, 10, 0, '', 'left'),(1388, 694, 'v', 0, 0, 0, 1.000, 1080, 1920, 0, 1, '0xFFFFFF', 0.000, 1.000, 0.000, '', '', 'sans', 20, '0xFFFFFF', 0, 0, 10, 0, '', 'left'),(1389, 695, 'h', 1, 299, 80, 1.000, 1322, 542, 0, 1, '0xFFFFFF', 0.000, 1.000, 0.000, '', '', 'sans', 20, '0xFFFFFF', 0, 0, 10, 0, '', 'left'),(1390, 695, 'v', 1, 90, 500, 1.000, 900, 369, 0, 1, '0xFFFFFF', 0.000, 1.000, 0.000, '', '', 'sans', 20, '0xFFFFFF', 0, 0, 10, 0, '', 'left'),(1391, 696, 'h', 2, 1560, 1000, 1.000, 100, 57, 0, 1, '0xFFFFFF', 0.000, 1.000, 0.000, '', '', 'sans', 20, '0xFFFFFF', 0, 0, 10, 0, '', 'left'),(1392, 696, 'v', 5, 20, 1780, 1.000, 210, 120, 0, 1, '0xFFFFFF', 0.000, 1.000, 0.000, '', '', 'sans', 20, '0xFFFFFF', 0, 0, 10, 0, '', 'left'),(1393, 697, 'h', 4, 1680, 1000, 1.000, 100, 57, 0, 1, '0xFFFFFF', 0.000, 1.000, 0.000, '', '', 'sans', 20, '0xFFFFFF', 0, 0, 10, 0, '', 'left'),(1394, 697, 'v', 3, 850, 20, 1.000, 210, 120, 0, 1, '0xFFFFFF', 0.000, 1.000, 0.000, '', '', 'sans', 20, '0xFFFFFF', 0, 0, 10, 0, '', 'left'),(1395, 698, 'h', 5, 0, 0, 1.000, 320, 320, 0, 1, '0xFFFFFF', 0.000, 0.500, 0.000, '', '', 'sans', 20, '0xFFFFFF', 0, 0, 10, 0, '', 'left'),(1396, 698, 'v', 6, 0, 0, 1.000, 320, 320, 0, 1, '0xFFFFFF', 0.000, 0.500, 0.000, '', '', 'sans', 20, '0xFFFFFF', 0, 0, 10, 0, '', 'left'),(1397, 699, 'h', 5, 1800, 1000, 1.000, 100, 57, 0, 1, '0xFFFFFF', 0.000, 1.000, 0.000, '', '', 'sans', 20, '0xFFFFFF', 0, 0, 10, 0, '', 'left'),(1398, 699, 'v', 4, 850, 1780, 1.000, 210, 120, 0, 1, '0xFFFFFF', 0.000, 1.000, 0.000, '', '', 'sans', 20, '0xFFFFFF', 0, 0, 10, 0, '', 'left'),(1399, 700, 'h', 3, 360, 650, 1.000, 1200, 300, 0, 1, '0xFFFFFF', 0.000, 1.000, 0.000, '', '', 'Averia Serif GWF', 50, '0xFFFFFF', 0, 0, 10, 0, '', 'left'),(1400, 700, 'v', 2, 90, 1000, 1.000, 900, 650, 0, 1, '0xFFFFFF', 0.000, 1.000, 0.000, '', '', 'Averia Serif GWF', 60, '0xFFFFFF', 0, 0, 10, 0, '', 'left'),(1583, 792, 'h', 0, 0, 0, 1.000, 1920, 1080, 0, 1, '0xFFFFFF', 0.000, 1.000, 0.000, '', '', 'sans', 20, '0xFFFFFF', 0, 0, 10, 0, '', 'left'),(1584, 792, 'v', 0, 0, 0, 1.000, 1080, 1920, 0, 1, '0xFFFFFF', 0.000, 1.000, 0.000, '', '', 'sans', 20, '0xFFFFFF', 0, 0, 10, 0, '', 'left'),(1585, 793, 'h', 1, 300, 0, 1.000, 568, 1080, 0, 1, '0xFFFFFF', 0.000, 1.000, 0.000, '', '', 'sans', 20, '0xFFFFFF', 0, 0, 10, 0, '', 'left'),(1586, 793, 'v', 1, 196, 100, 1.000, 688, 1307, 0, 1, '0xFFFFFF', 0.000, 1.000, 0.000, '', '', 'sans', 20, '0xFFFFFF', 0, 0, 10, 0, '', 'left'),(1587, 794, 'h', 2, 1560, 1000, 1.000, 100, 57, 0, 1, '0xFFFFFF', 0.000, 1.000, 0.000, '', '', 'sans', 20, '0xFFFFFF', 0, 0, 10, 0, '', 'left'),(1588, 794, 'v', 4, 20, 1780, 1.000, 210, 120, 0, 1, '0xFFFFFF', 0.000, 1.000, 0.000, '', '', 'sans', 20, '0xFFFFFF', 0, 0, 10, 0, '', 'left'),(1589, 795, 'h', 4, 1680, 1000, 1.000, 100, 57, 0, 1, '0xFFFFFF', 0.000, 1.000, 0.000, '', '', 'sans', 20, '0xFFFFFF', 0, 0, 10, 0, '', 'left'),(1590, 795, 'v', 3, 850, 20, 1.000, 210, 120, 0, 1, '0xFFFFFF', 0.000, 1.000, 0.000, '', '', 'sans', 20, '0xFFFFFF', 0, 0, 10, 0, '', 'left'),(1591, 796, 'h', 5, 0, 0, 1.000, 320, 320, 0, 1, '0xFFFFFF', 0.000, 0.500, 0.000, '', '', 'sans', 20, '0xFFFFFF', 0, 0, 10, 0, '', 'left'),(1592, 796, 'v', 5, 0, 0, 1.000, 320, 320, 0, 1, '0xFFFFFF', 0.000, 0.500, 0.000, '', '', 'sans', 20, '0xFFFFFF', 0, 0, 10, 0, '', 'left'),(1593, 797, 'h', 5, 1800, 1000, 1.000, 100, 57, 0, 1, '0xFFFFFF', 0.000, 1.000, 0.000, '', '', 'sans', 20, '0xFFFFFF', 0, 0, 10, 0, '', 'left'),(1594, 797, 'v', 5, 850, 1780, 1.000, 210, 120, 0, 1, '0xFFFFFF', 0.000, 1.000, 0.000, '', '', 'sans', 20, '0xFFFFFF', 0, 0, 10, 0, '', 'left'),(1595, 798, 'h', 3, 1000, 363, 1.000, 600, 600, 0, 1, '0xFFFFFF', 0.000, 1.000, 0.000, '', '', 'Averia Serif GWF', 50, '0xFFFFFF', 0, 0, 10, 0, '', 'left'),(1596, 798, 'v', 2, 90, 1420, 1.000, 900, 400, 0, 1, '0xFFFFFF', 0.000, 1.000, 0.000, '', '', 'Averia Serif GWF', 60, '0xFFFFFF', 0, 0, 10, 0, '', 'left'),(1855, 928, 'h', 0, 0, 0, 1.000, 1920, 1080, 0, 1, '0xFFFFFF', 0.000, 1.000, 0.000, '', '', 'sans', 20, '0xFFFFFF', 0, 0, 10, 0, '', 'left'),(1856, 928, 'v', 0, 0, 0, 1.000, 1080, 1920, 0, 1, '0xFFFFFF', 0.000, 1.000, 0.000, '', '', 'sans', 20, '0xFFFFFF', 0, 0, 10, 0, '', 'left'),(1857, 929, 'h', 3, 1220, 450, 1.000, 572, 112, 0, 1, '0xFFFFFF', 0.000, 1.000, 0.000, '', '', 'sans', 20, '0xFFFFFF', 0, 0, 10, 0, '', 'left'),(1858, 929, 'v', 1, 254, 500, 1.000, 572, 112, 0, 1, '0xFFFFFF', 0.000, 1.000, 0.000, '', '', 'sans', 20, '0xFFFFFF', 0, 0, 10, 0, '', 'left'),(1859, 930, 'h', 4, 1220, 600, 1.000, 572, 112, 0, 1, '0xFFFFFF', 0.000, 1.000, 0.000, '', '', 'sans', 20, '0xFFFFFF', 0, 0, 10, 0, '', 'left'),(1860, 930, 'v', 1, 254, 700, 1.000, 572, 112, 0, 1, '0xFFFFFF', 0.000, 1.000, 0.000, '', '', 'sans', 20, '0xFFFFFF', 0, 0, 10, 0, '', 'left'),(1861, 931, 'h', 6, 1220, 900, 1.000, 572, 112, 0, 1, '0xFFFFFF', 0.000, 1.000, 0.000, '', '', 'sans', 20, '0xFFFFFF', 0, 0, 10, 0, '', 'left'),(1862, 931, 'v', 1, 254, 1100, 1.000, 572, 112, 0, 1, '0xFFFFFF', 0.000, 1.000, 0.000, '', '', 'sans', 20, '0xFFFFFF', 0, 0, 10, 0, '', 'left'),(1863, 932, 'h', 1, 1220, 750, 1.000, 572, 112, 0, 1, '0xFFFFFF', 0.000, 1.000, 0.000, '', '', 'sans', 20, '0xFFFFFF', 0, 0, 10, 0, '', 'left'),(1864, 932, 'v', 1, 254, 900, 1.000, 572, 112, 0, 1, '0xFFFFFF', 0.000, 1.000, 0.000, '', '', 'sans', 20, '0xFFFFFF', 0, 0, 10, 0, '', 'left'),(1865, 933, 'h', 5, 100, 360, 1.000, 800, 800, 0, 1, '0xFFFFFF', 0.000, 1.000, 0.000, '', '', 'sans', 20, '0xFFFFFF', 0, 0, 10, 0, '', 'left'),(1866, 933, 'v', 1, 190, 1290, 1.000, 700, 700, 0, 1, '0xFFFFFF', 0.000, 1.000, 0.000, '', '', 'sans', 20, '0xFFFFFF', 0, 0, 10, 0, '', 'left'),(1867, 934, 'h', 2, 1300, 50, 1.000, 400, 301, 0, 1, '0xFFFFFF', 0.000, 1.000, 0.000, '', '', 'sans', 20, '0xFFFFFF', 0, 0, 10, 0, '', 'left'),(1868, 934, 'v', 1, 340, 100, 1.000, 400, 301, 0, 1, '0xFFFFFF', 0.000, 1.000, 0.000, '', '', 'sans', 20, '0xFFFFFF', 0, 0, 10, 0, '', 'left'),(1869, 935, 'h', 6, -71, -90, 1.000, 320, 320, 0, 1, '0xFFFFFF', 0.000, 0.500, 0.000, '', '', 'sans', 20, '0xFFFFFF', 0, 0, 10, 0, '', 'left'),(1870, 935, 'v', 1, -245, -71, 1.000, 320, 320, 0, 1, '0xFFFFFF', 0.000, 0.500, 0.000, '', '', 'sans', 20, '0xFFFFFF', 0, 0, 10, 0, '', 'left'),(1905, 953, 'h', 0, 0, 0, 1.000, 1920, 1080, 0, 1, '0xFFFFFF', 0.000, 1.000, 0.000, '', '', 'sans', 20, '0xFFFFFF', 0, 0, 10, 0, '', 'left'),(1906, 953, 'v', 0, 0, 0, 1.000, 1080, 1920, 0, 1, '0xFFFFFF', 0.000, 1.000, 0.000, '', '', 'sans', 20, '0xFFFFFF', 0, 0, 10, 0, '', 'left'),(1907, 954, 'h', 1, 1930, 450, 1.000, 572, 112, 0, 1, '0xFFFFFF', 0.000, 1.000, 0.000, '', '', 'sans', 20, '0xFFFFFF', 0, 0, 10, 0, '', 'left'),(1908, 954, 'v', 1, 1130, 500, 1.000, 572, 112, 0, 1, '0xFFFFFF', 0.000, 1.000, 0.000, '', '', 'sans', 20, '0xFFFFFF', 0, 0, 10, 0, '', 'left'),(1909, 955, 'h', 1, 1980, 600, 1.000, 572, 112, 0, 1, '0xFFFFFF', 0.000, 1.000, 0.000, '', '', 'sans', 20, '0xFFFFFF', 0, 0, 10, 0, '', 'left'),(1910, 955, 'v', 1, 1180, 700, 1.000, 572, 112, 0, 1, '0xFFFFFF', 0.000, 1.000, 0.000, '', '', 'sans', 20, '0xFFFFFF', 0, 0, 10, 0, '', 'left'),(1911, 956, 'h', 1, 2030, 750, 1.000, 572, 112, 0, 1, '0xFFFFFF', 0.000, 1.000, 0.000, '', '', 'sans', 20, '0xFFFFFF', 0, 0, 10, 0, '', 'left'),(1912, 956, 'v', 1, 1230, 900, 1.000, 572, 112, 0, 1, '0xFFFFFF', 0.000, 1.000, 0.000, '', '', 'sans', 20, '0xFFFFFF', 0, 0, 10, 0, '', 'left'),(1913, 957, 'h', 1, 100, 1100, 1.000, 800, 800, 0, 1, '0xFFFFFF', 0.000, 1.000, 0.000, '', '', 'sans', 20, '0xFFFFFF', 0, 0, 10, 0, '', 'left'),(1914, 957, 'v', 1, 190, 1930, 1.000, 700, 700, 0, 1, '0xFFFFFF', 0.000, 1.000, 0.000, '', '', 'sans', 20, '0xFFFFFF', 0, 0, 10, 0, '', 'left'),(1915, 958, 'h', 1, 560, 150, 1.000, 800, 601, 0, 1, '0xFFFFFF', 0.000, 1.000, 0.000, '', '', 'sans', 20, '0xFFFFFF', 0, 0, 10, 0, '', 'left'),(1916, 958, 'v', 1, 140, 400, 1.000, 800, 601, 0, 1, '0xFFFFFF', 0.000, 1.000, 0.000, '', '', 'sans', 20, '0xFFFFFF', 0, 0, 10, 0, '', 'left'),(1917, 959, 'h', 1, 730, 820, 1.000, 460, 49, 0, 1, '0xFFFFFF', 0.000, 1.000, 0.000, '', '', 'sans', 20, '0xFFFFFF', 0, 0, 10, 0, '', 'left'),(1918, 959, 'v', 1, 310, 1200, 1.000, 460, 49, 0, 1, '0xFFFFFF', 0.000, 1.000, 0.000, '', '', 'sans', 20, '0xFFFFFF', 0, 0, 10, 0, '', 'left'),(1919, 960, 'h', 1, 2080, 900, 1.000, 572, 112, 0, 1, '0xFFFFFF', 0.000, 1.000, 0.000, '', '', 'sans', 20, '0xFFFFFF', 0, 0, 10, 0, '', 'left'),(1920, 960, 'v', 1, 1280, 1100, 1.000, 572, 112, 0, 1, '0xFFFFFF', 0.000, 1.000, 0.000, '', '', 'sans', 20, '0xFFFFFF', 0, 0, 10, 0, '', 'left'),(2075, 1038, 'h', 0, 0, 0, 1.000, 1920, 1080, 0, 1, '0xFFFFFF', 0.000, 1.000, 0.000, '', '', 'sans', 20, '0xFFFFFF', 0, 0, 10, 0, '', 'left'),(2076, 1038, 'v', 0, 0, 0, 1.000, 1080, 1920, 0, 1, '0xFFFFFF', 0.000, 1.000, 0.000, '', '', 'sans', 20, '0xFFFFFF', 0, 0, 10, 0, '', 'left'),(2077, 1039, 'h', 1, 179, 500, 1.000, 766, 702, 0, 1, '0xFFFFFF', 0.000, 1.000, 0.000, '', '', 'sans', 20, '0xFFFFFF', 0, 0, 10, 0, '', 'left'),(2078, 1039, 'v', 1, 250, 1400, 1.000, 688, 631, 0, 1, '0xFFFFFF', 0.000, 1.000, 0.000, '', '', 'sans', 20, '0xFFFFFF', 0, 0, 10, 0, '', 'left'),(2079, 1040, 'h', 2, 1560, 1000, 1.000, 100, 57, 0, 1, '0xFFFFFF', 0.000, 1.000, 0.000, '', '', 'sans', 20, '0xFFFFFF', 0, 0, 10, 0, '', 'left'),(2080, 1040, 'v', 4, 20, 1780, 1.000, 210, 120, 0, 1, '0xFFFFFF', 0.000, 1.000, 0.000, '', '', 'sans', 20, '0xFFFFFF', 0, 0, 10, 0, '', 'left'),(2081, 1041, 'h', 4, 1680, 1000, 1.000, 100, 57, 0, 1, '0xFFFFFF', 0.000, 1.000, 0.000, '', '', 'sans', 20, '0xFFFFFF', 0, 0, 10, 0, '', 'left'),(2082, 1041, 'v', 3, 850, 20, 1.000, 210, 120, 0, 1, '0xFFFFFF', 0.000, 1.000, 0.000, '', '', 'sans', 20, '0xFFFFFF', 0, 0, 10, 0, '', 'left'),(2083, 1042, 'h', 5, 0, 0, 1.000, 320, 320, 0, 1, '0xFFFFFF', 0.000, 0.500, 0.000, '', '', 'sans', 20, '0xFFFFFF', 0, 0, 10, 0, '', 'left'),(2084, 1042, 'v', 5, 0, 0, 1.000, 320, 320, 0, 1, '0xFFFFFF', 0.000, 0.500, 0.000, '', '', 'sans', 20, '0xFFFFFF', 0, 0, 10, 0, '', 'left'),(2085, 1043, 'h', 5, 1800, 1000, 1.000, 100, 57, 0, 1, '0xFFFFFF', 0.000, 1.000, 0.000, '', '', 'sans', 20, '0xFFFFFF', 0, 0, 10, 0, '', 'left'),(2086, 1043, 'v', 5, 850, 1780, 1.000, 210, 120, 0, 1, '0xFFFFFF', 0.000, 1.000, 0.000, '', '', 'sans', 20, '0xFFFFFF', 0, 0, 10, 0, '', 'left'),(2087, 1044, 'h', 3, 410, 120, 1.000, 1100, 900, 0, 1, '0xFFFFFF', 0.000, 1.000, 0.000, '', '', 'Averia Serif GWF', 50, '0xFFFFFF', 0, 0, 10, 0, '', 'left'),(2088, 1044, 'v', 2, 240, 400, 1.000, 600, 900, 0, 1, '0xFFFFFF', 0.000, 1.000, 0.000, '', '', 'Averia Serif GWF', 60, '0xFFFFFF', 0, 0, 10, 0, '', 'left'),(2135, 1068, 'h', 0, 0, 0, 1.000, 1920, 1080, 0, 1, '0xFFFFFF', 0.000, 1.000, 0.000, '', '', 'sans', 20, '0xFFFFFF', 0, 0, 10, 0, '', 'left'),(2136, 1068, 'v', 0, 0, 0, 1.000, 1080, 1920, 0, 1, '0xFFFFFF', 0.000, 1.000, 0.000, '', '', 'sans', 20, '0xFFFFFF', 0, 0, 10, 0, '', 'left'),(2137, 1069, 'h', 1, 480, 100, 1.000, 960, 540, 0, 1, '0xFFFFFF', 0.000, 1.000, 0.000, '', '', 'sans', 20, '0xFFFFFF', 0, 0, 10, 0, '', 'left'),(2138, 1069, 'v', 1, 60, 450, 1.000, 960, 540, 0, 1, '0xFFFFFF', 0.000, 1.000, 0.000, '', '', 'sans', 20, '0xFFFFFF', 0, 0, 10, 0, '', 'left'),(2139, 1070, 'h', 2, 1560, 1000, 1.000, 100, 57, 0, 1, '0xFFFFFF', 0.000, 1.000, 0.000, '', '', 'sans', 20, '0xFFFFFF', 0, 0, 10, 0, '', 'left'),(2140, 1070, 'v', 4, 20, 1780, 1.000, 210, 120, 0, 1, '0xFFFFFF', 0.000, 1.000, 0.000, '', '', 'sans', 20, '0xFFFFFF', 0, 0, 10, 0, '', 'left'),(2141, 1071, 'h', 4, 1680, 1000, 1.000, 100, 57, 0, 1, '0xFFFFFF', 0.000, 1.000, 0.000, '', '', 'sans', 20, '0xFFFFFF', 0, 0, 10, 0, '', 'left'),(2142, 1071, 'v', 3, 850, 20, 1.000, 210, 120, 0, 1, '0xFFFFFF', 0.000, 1.000, 0.000, '', '', 'sans', 20, '0xFFFFFF', 0, 0, 10, 0, '', 'left'),(2143, 1072, 'h', 5, 0, 0, 1.000, 320, 320, 0, 1, '0xFFFFFF', 0.000, 0.500, 0.000, '', '', 'sans', 20, '0xFFFFFF', 0, 0, 10, 0, '', 'left'),(2144, 1072, 'v', 5, 0, 0, 1.000, 320, 320, 0, 1, '0xFFFFFF', 0.000, 0.500, 0.000, '', '', 'sans', 20, '0xFFFFFF', 0, 0, 10, 0, '', 'left'),(2145, 1073, 'h', 5, 1800, 1000, 1.000, 100, 57, 0, 1, '0xFFFFFF', 0.000, 1.000, 0.000, '', '', 'sans', 20, '0xFFFFFF', 0, 0, 10, 0, '', 'left'),(2146, 1073, 'v', 5, 850, 1780, 1.000, 210, 120, 0, 1, '0xFFFFFF', 0.000, 1.000, 0.000, '', '', 'sans', 20, '0xFFFFFF', 0, 0, 10, 0, '', 'left'),(2147, 1074, 'h', 3, 480, 680, 1.000, 960, 360, 0, 1, '0xFFFFFF', 0.000, 1.000, 0.000, '', '', 'Averia Serif GWF', 50, '0xFFFFFF', 0, 0, 10, 0, '', 'left'),(2148, 1074, 'v', 2, 60, 1050, 1.000, 960, 500, 0, 1, '0xFFFFFF', 0.000, 1.000, 0.000, '', '', 'Averia Serif GWF', 60, '0xFFFFFF', 0, 0, 10, 0, '', 'left'),(2191, 1096, 'h', 0, 0, 0, 1.000, 1920, 1080, 0, 1, '0xFFFFFF', 0.000, 1.000, 0.000, '', '', 'sans', 20, '0xFFFFFF', 0, 0, 10, 0, '', 'left'),(2192, 1096, 'v', 0, 0, 0, 1.000, 1080, 1920, 0, 1, '0xFFFFFF', 0.000, 1.000, 0.000, '', '', 'sans', 20, '0xFFFFFF', 0, 0, 10, 0, '', 'left'),(2193, 1097, 'h', 1, 130, 320, 1.000, 603, 341, 0, 1, '0xFFFFFF', 0.000, 1.000, 0.000, '', '', 'sans', 20, '0xFFFFFF', 0, 0, 10, 0, '', 'left'),(2194, 1097, 'v', 1, 240, 450, 1.000, 600, 339, 0, 1, '0xFFFFFF', 0.000, 1.000, 0.000, '', '', 'sans', 20, '0xFFFFFF', 0, 0, 10, 0, '', 'left'),(2195, 1098, 'h', 2, 1560, 1000, 1.000, 100, 57, 0, 1, '0xFFFFFF', 0.000, 1.000, 0.000, '', '', 'sans', 20, '0xFFFFFF', 0, 0, 10, 0, '', 'left'),(2196, 1098, 'v', 4, 20, 1780, 1.000, 210, 120, 0, 1, '0xFFFFFF', 0.000, 1.000, 0.000, '', '', 'sans', 20, '0xFFFFFF', 0, 0, 10, 0, '', 'left'),(2197, 1099, 'h', 4, 1680, 1000, 1.000, 100, 57, 0, 1, '0xFFFFFF', 0.000, 1.000, 0.000, '', '', 'sans', 20, '0xFFFFFF', 0, 0, 10, 0, '', 'left'),(2198, 1099, 'v', 3, 850, 20, 1.000, 210, 120, 0, 1, '0xFFFFFF', 0.000, 1.000, 0.000, '', '', 'sans', 20, '0xFFFFFF', 0, 0, 10, 0, '', 'left'),(2199, 1100, 'h', 5, 0, 0, 1.000, 320, 320, 0, 1, '0xFFFFFF', 0.000, 0.050, 0.000, '', '', 'sans', 20, '0xFFFFFF', 0, 0, 10, 0, '', 'left'),(2200, 1100, 'v', 5, 0, 0, 1.000, 320, 320, 0, 1, '0xFFFFFF', 0.000, 0.050, 0.000, '', '', 'sans', 20, '0xFFFFFF', 0, 0, 10, 0, '', 'left'),(2201, 1101, 'h', 5, 1800, 1000, 1.000, 100, 57, 0, 1, '0xFFFFFF', 0.000, 1.000, 0.000, '', '', 'sans', 20, '0xFFFFFF', 0, 0, 10, 0, '', 'left'),(2202, 1101, 'v', 5, 850, 1780, 1.000, 210, 120, 0, 1, '0xFFFFFF', 0.000, 1.000, 0.000, '', '', 'sans', 20, '0xFFFFFF', 0, 0, 10, 0, '', 'left'),(2203, 1102, 'h', 3, 850, 370, 1.000, 960, 360, 0, 1, '0xFFFFFF', 0.000, 1.000, 0.000, '', '', 'Averia Serif GWF', 50, '0xFFFFFF', 0, 0, 10, 0, '', 'left'),(2204, 1102, 'v', 2, 190, 900, 1.000, 700, 500, 0, 1, '0xFFFFFF', 0.000, 1.000, 0.000, '', '', 'Averia Serif GWF', 60, '0xFFFFFF', 0, 0, 10, 0, '', 'left'),(2247, 1124, 'h', 0, 0, 0, 1.000, 1920, 1080, 0, 1, '0xFFFFFF', 0.000, 1.000, 0.000, '', '', 'sans', 20, '0xFFFFFF', 0, 0, 10, 0, '', 'left'),(2248, 1124, 'v', 0, 0, 0, 1.000, 1080, 1920, 0, 1, '0xFFFFFF', 0.000, 1.000, 0.000, '', '', 'sans', 20, '0xFFFFFF', 0, 0, 10, 0, '', 'left'),(2249, 1125, 'h', 1, 100, 400, 1.000, 1200, 558, 0, 1, '0xFFFFFF', 0.000, 1.000, 0.000, '', '', 'sans', 20, '0xFFFFFF', 0, 0, 10, 0, '', 'left'),(2250, 1125, 'v', 1, 90, 1000, 1.000, 900, 418, 0, 1, '0xFFFFFF', 0.000, 1.000, 0.000, '', '', 'sans', 20, '0xFFFFFF', 0, 0, 10, 0, '', 'left'),(2251, 1126, 'h', 2, 1560, 1000, 1.000, 100, 57, 0, 1, '0xFFFFFF', 0.000, 1.000, 0.000, '', '', 'sans', 20, '0xFFFFFF', 0, 0, 10, 0, '', 'left'),(2252, 1126, 'v', 4, 20, 1780, 1.000, 210, 120, 0, 1, '0xFFFFFF', 0.000, 1.000, 0.000, '', '', 'sans', 20, '0xFFFFFF', 0, 0, 10, 0, '', 'left'),(2253, 1127, 'h', 4, 1680, 1000, 1.000, 100, 57, 0, 1, '0xFFFFFF', 0.000, 1.000, 0.000, '', '', 'sans', 20, '0xFFFFFF', 0, 0, 10, 0, '', 'left'),(2254, 1127, 'v', 3, 850, 20, 1.000, 210, 120, 0, 1, '0xFFFFFF', 0.000, 1.000, 0.000, '', '', 'sans', 20, '0xFFFFFF', 0, 0, 10, 0, '', 'left'),(2255, 1128, 'h', 5, 0, 0, 1.000, 320, 320, 0, 1, '0xFFFFFF', 0.000, 0.500, 0.000, '', '', 'sans', 20, '0xFFFFFF', 0, 0, 10, 0, '', 'left'),(2256, 1128, 'v', 5, 0, 0, 1.000, 320, 320, 0, 1, '0xFFFFFF', 0.000, 0.500, 0.000, '', '', 'sans', 20, '0xFFFFFF', 0, 0, 10, 0, '', 'left'),(2257, 1129, 'h', 5, 1800, 1000, 1.000, 100, 57, 0, 1, '0xFFFFFF', 0.000, 1.000, 0.000, '', '', 'sans', 20, '0xFFFFFF', 0, 0, 10, 0, '', 'left'),(2258, 1129, 'v', 5, 850, 1780, 1.000, 210, 120, 0, 1, '0xFFFFFF', 0.000, 1.000, 0.000, '', '', 'sans', 20, '0xFFFFFF', 0, 0, 10, 0, '', 'left'),(2259, 1130, 'h', 3, 860, 120, 1.000, 960, 360, 0, 1, '0xFFFFFF', 0.000, 1.000, 0.000, '', '', 'Averia Serif GWF', 50, '0xFFFFFF', 0, 0, 10, 0, '', 'left'),(2260, 1130, 'v', 2, 190, 400, 1.000, 700, 600, 0, 1, '0xFFFFFF', 0.000, 1.000, 0.000, '', '', 'Averia Serif GWF', 60, '0xFFFFFF', 0, 0, 10, 0, '', 'left'),(3391, 1696, 'h', 0, 0, 0, 1.000, 1920, 1080, 0, 1, '0xFFFFFF', 0.000, 1.000, 0.000, '', '', 'sans', 20, '0xFFFFFF', 0, 0, 10, 0, '', 'left'),(3392, 1696, 'v', 1, 0, 0, 1.000, 1080, 1920, 0, 1, '0xFFFFFF', 0.000, 1.000, 0.000, '', '', 'sans', 20, '0xFFFFFF', 0, 0, 10, 0, '', 'left'),(3393, 1697, 'h', 1, 674, 850, 1.000, 572, 112, 0, 1, '0xFFFFFF', 0.000, 1.000, 0.000, '', '', 'sans', 20, '0xFFFFFF', 0, 0, 10, 0, '', 'left'),(3394, 1697, 'v', 2, 254, 1400, 1.000, 572, 112, 0, 1, '0xFFFFFF', 0.000, 1.000, 0.000, '', '', 'sans', 20, '0xFFFFFF', 0, 0, 10, 0, '', 'left'),(3395, 1698, 'h', 2, 674, 400, 1.000, 572, 112, 0, 1, '0xFFFFFF', 0.000, 1.000, 0.000, '', '', 'sans', 20, '0xFFFFFF', 0, 0, 10, 0, '', 'left'),(3396, 1698, 'v', 3, 254, 650, 1.000, 572, 112, 0, 1, '0xFFFFFF', 0.000, 1.000, 0.000, '', '', 'sans', 20, '0xFFFFFF', 0, 0, 10, 0, '', 'left'),(3397, 1699, 'h', 3, 674, 550, 1.000, 572, 112, 0, 1, '0xFFFFFF', 0.000, 1.000, 0.000, '', '', 'sans', 20, '0xFFFFFF', 0, 0, 10, 0, '', 'left'),(3398, 1699, 'v', 4, 254, 900, 1.000, 572, 112, 0, 1, '0xFFFFFF', 0.000, 1.000, 0.000, '', '', 'sans', 20, '0xFFFFFF', 0, 0, 10, 0, '', 'left'),(3399, 1700, 'h', 4, 674, 700, 1.000, 572, 112, 0, 1, '0xFFFFFF', 0.000, 1.000, 0.000, '', '', 'sans', 20, '0xFFFFFF', 0, 0, 10, 0, '', 'left'),(3400, 1700, 'v', 5, 254, 1150, 1.000, 572, 112, 0, 1, '0xFFFFFF', 0.000, 1.000, 0.000, '', '', 'sans', 20, '0xFFFFFF', 0, 0, 10, 0, '', 'left'),(3401, 1701, 'h', 5, 810, 100, 1.000, 300, 225, 0, 1, '0xFFFFFF', 0.000, 1.000, 0.000, '', '', 'sans', 20, '0xFFFFFF', 0, 0, 10, 0, '', 'left'),(3402, 1701, 'v', 6, 340, 150, 1.000, 400, 301, 0, 1, '0xFFFFFF', 0.000, 1.000, 0.000, '', '', 'sans', 20, '0xFFFFFF', 0, 0, 10, 0, '', 'left'),(3403, 1702, 'h', 6, 0, 0, 1.000, 320, 320, 0, 1, '0xFFFFFF', 0.000, 0.150, 0.000, '', '', 'sans', 20, '0xFFFFFF', 0, 0, 10, 0, '', 'left'),(3404, 1702, 'v', 0, 0, 0, 1.000, 320, 320, 0, 1, '0xFFFFFF', 0.000, 0.150, 0.000, '', '', 'sans', 20, '0xFFFFFF', 0, 0, 10, 0, '', 'left'),(3539, 1770, 'h', 0, 0, 0, 1.000, 1920, 1080, 0, 1, '0xFFFFFF', 0.000, 1.000, 0.000, '', '', 'sans', 20, '0xFFFFFF', 0, 0, 10, 0, '', 'left'),(3540, 1770, 'v', 0, 0, 0, 1.000, 1080, 1920, 0, 1, '0xFFFFFF', 0.000, 1.000, 0.000, '', '', 'sans', 20, '0xFFFFFF', 0, 0, 10, 0, '', 'left'),(3541, 1771, 'h', 1, 1950, 450, 1.000, 572, 112, 0, 1, '0xFFFFFF', 0.000, 1.000, 0.000, '', '', 'sans', 20, '0xFFFFFF', 0, 0, 10, 0, '', 'left'),(3542, 1771, 'v', 1, -600, 500, 1.000, 572, 112, 0, 1, '0xFFFFFF', 0.000, 1.000, 0.000, '', '', 'sans', 20, '0xFFFFFF', 0, 0, 10, 0, '', 'left'),(3543, 1772, 'h', 2, 1950, 600, 1.000, 572, 112, 0, 1, '0xFFFFFF', 0.000, 1.000, 0.000, '', '', 'sans', 20, '0xFFFFFF', 0, 0, 10, 0, '', 'left'),(3544, 1772, 'v', 2, -600, 700, 1.000, 572, 112, 0, 1, '0xFFFFFF', 0.000, 1.000, 0.000, '', '', 'sans', 20, '0xFFFFFF', 0, 0, 10, 0, '', 'left'),(3545, 1773, 'h', 3, 1950, 900, 1.000, 572, 112, 0, 1, '0xFFFFFF', 0.000, 1.000, 0.000, '', '', 'sans', 20, '0xFFFFFF', 0, 0, 10, 0, '', 'left'),(3546, 1773, 'v', 3, -600, 1100, 1.000, 572, 112, 0, 1, '0xFFFFFF', 0.000, 1.000, 0.000, '', '', 'sans', 20, '0xFFFFFF', 0, 0, 10, 0, '', 'left'),(3547, 1774, 'h', 4, 1950, 750, 1.000, 572, 112, 0, 1, '0xFFFFFF', 0.000, 1.000, 0.000, '', '', 'sans', 20, '0xFFFFFF', 0, 0, 10, 0, '', 'left'),(3548, 1774, 'v', 4, -600, 900, 1.000, 572, 112, 0, 1, '0xFFFFFF', 0.000, 1.000, 0.000, '', '', 'sans', 20, '0xFFFFFF', 0, 0, 10, 0, '', 'left'),(3549, 1775, 'h', 5, -103, 399, 1.000, 1280, 800, 0, 1, '0xFFFFFF', 0.000, 1.000, 0.000, '', '', 'sans', 20, '0xFFFFFF', 0, 0, 10, 0, '', 'left'),(3550, 1775, 'v', 5, -101, 1292, 1.000, 1200, 750, 0, 1, '0xFFFFFF', 0.000, 1.000, 0.000, '', '', 'sans', 20, '0xFFFFFF', 0, 0, 10, 0, '', 'left'),(3551, 1776, 'h', 6, 1150, 100, 1.000, 700, 800, 0, 1, '0xFFFFFF', 0.000, 1.000, 0.000, '', '', 'sans', 20, '0xFFFFFF', 0, 0, 10, 0, '', 'left'),(3552, 1776, 'v', 6, 140, 500, 1.000, 800, 800, 0, 1, '0xFFFFFF', 0.000, 1.000, 0.000, '', '', 'sans', 20, '0xFFFFFF', 0, 0, 10, 0, '', 'left'),(3553, 1777, 'h', 7, 400, 50, 1.000, 400, 301, 0, 1, '0xFFFFFF', 0.000, 1.000, 0.000, '', '', 'sans', 20, '0xFFFFFF', 0, 0, 10, 0, '', 'left'),(3554, 1777, 'v', 7, 340, 100, 1.000, 400, 301, 0, 1, '0xFFFFFF', 0.000, 1.000, 0.000, '', '', 'sans', 20, '0xFFFFFF', 0, 0, 10, 0, '', 'left'),(3555, 1778, 'h', 8, -80, 123, 1.000, 320, 320, 0, 1, '0xFFFFFF', 0.000, 0.150, 0.000, '', '', 'sans', 20, '0xFFFFFF', 0, 0, 10, 0, '', 'left'),(3556, 1778, 'v', 8, -465, -37, 1.000, 320, 320, 0, 1, '0xFFFFFF', 0.000, 0.150, 0.000, '', '', 'sans', 20, '0xFFFFFF', 0, 0, 10, 0, '', 'left'),(3733, 1867, 'h', 0, 0, 0, 1.000, 1920, 1080, 0, 1, '0xFFFFFF', 0.000, 1.000, 0.000, '', '', 'sans', 20, '0xFFFFFF', 0, 0, 10, 0, '', 'left'),(3734, 1867, 'v', 0, 0, 0, 1.000, 1080, 1920, 0, 1, '0xFFFFFF', 0.000, 1.000, 0.000, '', '', 'sans', 20, '0xFFFFFF', 0, 0, 10, 0, '', 'left'),(3735, 1868, 'h', 1, 800, 1100, 1.000, 320, 149, 0, 1, '0xFFFFFF', 0.000, 1.000, 0.000, '', '', 'sans', 20, '0xFFFFFF', 0, 0, 10, 0, '', 'left'),(3736, 1868, 'v', 1, 380, 1930, 1.000, 320, 149, 0, 1, '0xFFFFFF', 0.000, 1.000, 0.000, '', '', 'sans', 20, '0xFFFFFF', 0, 0, 10, 0, '', 'left'),(3737, 1869, 'h', 2, 360, 100, 1.000, 1200, 675, 0, 1, '0xFFFFFF', 0.000, 1.000, 0.000, '', '', 'sans', 20, '0xFFFFFF', 0, 0, 10, 0, '', 'left'),(3738, 1869, 'v', 2, 50, 485, 1.000, 980, 551, 0, 1, '0xFFFFFF', 0.000, 1.000, 0.000, '', '', 'sans', 20, '0xFFFFFF', 0, 0, 10, 0, '', 'left'),(3739, 1870, 'h', 6, 1560, 1000, 1.000, 100, 57, 0, 1, '0xFFFFFF', 0.000, 1.000, 0.000, '', '', 'sans', 20, '0xFFFFFF', 0, 0, 10, 0, '', 'left'),(3740, 1870, 'v', 3, 20, 1780, 1.000, 210, 120, 0, 1, '0xFFFFFF', 0.000, 1.000, 0.000, '', '', 'sans', 20, '0xFFFFFF', 0, 0, 10, 0, '', 'left'),(3741, 1871, 'h', 5, 1680, 1000, 1.000, 100, 57, 0, 1, '0xFFFFFF', 0.000, 1.000, 0.000, '', '', 'sans', 20, '0xFFFFFF', 0, 0, 10, 0, '', 'left'),(3742, 1871, 'v', 4, 850, 20, 1.000, 210, 120, 0, 1, '0xFFFFFF', 0.000, 1.000, 0.000, '', '', 'sans', 20, '0xFFFFFF', 0, 0, 10, 0, '', 'left'),(3743, 1872, 'h', 3, 0, 0, 1.000, 320, 320, 0, 1, '0xFFFFFF', 0.000, 0.500, 0.000, '', '', 'sans', 20, '0xFFFFFF', 0, 0, 10, 0, '', 'left'),(3744, 1872, 'v', 5, 0, 0, 1.000, 320, 320, 0, 1, '0xFFFFFF', 0.000, 0.500, 0.000, '', '', 'sans', 20, '0xFFFFFF', 0, 0, 10, 0, '', 'left'),(3745, 1873, 'h', 7, 1800, 1000, 1.000, 100, 57, 0, 1, '0xFFFFFF', 0.000, 1.000, 0.000, '', '', 'sans', 20, '0xFFFFFF', 0, 0, 10, 0, '', 'left'),(3746, 1873, 'v', 6, 850, 1780, 1.000, 210, 120, 0, 1, '0xFFFFFF', 0.000, 1.000, 0.000, '', '', 'sans', 20, '0xFFFFFF', 0, 0, 10, 0, '', 'left'),(3747, 1874, 'h', 4, 60, 850, 1.000, 1800, 200, 0, 1, '0xFFFFFF', 0.000, 1.000, 0.000, '', '', 'Averia Serif GWF', 50, '0xFFFFFF', 0, 0, 10, 0, '', 'center'),(3748, 1874, 'v', 7, 90, 1100, 1.000, 900, 300, 0, 1, '0xFFFFFF', 0.000, 1.000, 0.000, '', '', 'Averia Serif GWF', 60, '0xFFFFFF', 0, 0, 10, 0, '', 'left'),(4229, 2115, 'h', 0, 0, 0, 1.000, 1920, 1080, 0, 1, '0xFFFFFF', 0.000, 1.000, 0.000, '', '', 'sans', 20, '0xFFFFFF', 0, 0, 10, 0, '', 'left'),(4230, 2115, 'v', 0, 0, 0, 1.000, 1080, 1920, 0, 1, '0xFFFFFF', 0.000, 1.000, 0.000, '', '', 'sans', 20, '0xFFFFFF', 0, 0, 10, 0, '', 'left'),(4231, 2116, 'h', 1, 287, 50, 1.000, 1346, 790, 0, 1, '0xFFFFFF', 0.000, 1.000, 0.000, '', '', 'sans', 20, '0xFFFFFF', 0, 0, 10, 0, '', 'left'),(4232, 2116, 'v', 1, -35, 278, 1.000, 1150, 929, 0, 1, '0xFFFFFF', 0.000, 1.000, 0.000, '', '', 'sans', 20, '0xFFFFFF', 0, 0, 10, 0, '', 'left'),(4233, 2117, 'h', 7, 1560, 1000, 1.000, 100, 57, 0, 1, '0xFFFFFF', 0.000, 1.000, 0.000, '', '', 'sans', 20, '0xFFFFFF', 0, 0, 10, 0, '', 'left'),(4234, 2117, 'v', 2, 20, 1780, 1.000, 210, 120, 0, 1, '0xFFFFFF', 0.000, 1.000, 0.000, '', '', 'sans', 20, '0xFFFFFF', 0, 0, 10, 0, '', 'left'),(4235, 2118, 'h', 4, 1680, 1000, 1.000, 100, 57, 0, 1, '0xFFFFFF', 0.000, 1.000, 0.000, '', '', 'sans', 20, '0xFFFFFF', 0, 0, 10, 0, '', 'left'),(4236, 2118, 'v', 3, 850, 20, 1.000, 210, 120, 0, 1, '0xFFFFFF', 0.000, 1.000, 0.000, '', '', 'sans', 20, '0xFFFFFF', 0, 0, 10, 0, '', 'left'),(4237, 2119, 'h', 3, 0, 0, 1.000, 320, 320, 0, 1, '0xFFFFFF', 0.000, 0.500, 0.000, '', '', 'sans', 20, '0xFFFFFF', 0, 0, 10, 0, '', 'left'),(4238, 2119, 'v', 4, 0, 0, 1.000, 320, 320, 0, 1, '0xFFFFFF', 0.000, 0.500, 0.000, '', '', 'sans', 20, '0xFFFFFF', 0, 0, 10, 0, '', 'left'),(4239, 2120, 'h', 6, 1800, 1000, 1.000, 100, 57, 0, 1, '0xFFFFFF', 0.000, 1.000, 0.000, '', '', 'sans', 20, '0xFFFFFF', 0, 0, 10, 0, '', 'left'),(4240, 2120, 'v', 5, 850, 1780, 1.000, 210, 120, 0, 1, '0xFFFFFF', 0.000, 1.000, 0.000, '', '', 'sans', 20, '0xFFFFFF', 0, 0, 10, 0, '', 'left'),(4241, 2121, 'h', 2, 60, 880, 1.000, 1800, 200, 0, 1, '0xFFFFFF', 0.000, 1.000, 0.000, '', '', 'Averia Serif GWF', 50, '0xFFFFFF', 0, 0, 10, 0, '', 'center'),(4242, 2121, 'v', 6, 90, 1300, 1.000, 900, 400, 0, 1, '0xFFFFFF', 0.000, 1.000, 0.000, '', '', 'Averia Serif GWF', 60, '0xFFFFFF', 0, 0, 10, 0, '', 'center'),(4243, 2122, 'h', 9, 307, 70, 1.000, 422, 750, 0, 1, '0xFFFFFF', 0.000, 1.000, 0.000, '', '', 'sans', 20, '0xFFFFFF', 0, 0, 10, 0, '', 'left'),(4244, 2122, 'v', 7, 290, 298, 1.000, 500, 889, 0, 1, '0xFFFFFF', 0.000, 1.000, 0.000, '', '', 'sans', 20, '0xFFFFFF', 0, 0, 10, 0, '', 'left'),(4245, 2123, 'h', 5, 749, 70, 1.000, 422, 750, 0, 1, '0xFFFFFF', 0.000, 1.000, 0.000, '', '', 'sans', 20, '0xFFFFFF', 0, 0, 10, 0, '', 'left'),(4246, 2123, 'v', 8, 810, 298, 1.000, 500, 889, 0, 1, '0xFFFFFF', 0.000, 1.000, 0.000, '', '', 'sans', 20, '0xFFFFFF', 0, 0, 10, 0, '', 'left'),(4247, 2124, 'h', 8, 1191, 70, 1.000, 422, 750, 0, 1, '0xFFFFFF', 0.000, 1.000, 0.000, '', '', 'sans', 20, '0xFFFFFF', 0, 0, 10, 0, '', 'left'),(4248, 2124, 'v', 9, 1330, 298, 1.000, 500, 889, 0, 1, '0xFFFFFF', 0.000, 1.000, 0.000, '', '', 'sans', 20, '0xFFFFFF', 0, 0, 10, 0, '', 'left'),(4249, 2125, 'h', 0, 0, 0, 1.000, 1920, 1080, 0, 1, '0xFFFFFF', 0.000, 1.000, 0.000, '', '', 'sans', 20, '0xFFFFFF', 0, 0, 10, 0, '', 'left'),(4250, 2125, 'v', 0, 0, 0, 1.000, 1080, 1920, 0, 1, '0xFFFFFF', 0.000, 1.000, 0.000, '', '', 'sans', 20, '0xFFFFFF', 0, 0, 10, 0, '', 'left'),(4251, 2126, 'h', 1, 287, 50, 1.000, 1346, 790, 0, 1, '0xFFFFFF', 0.000, 1.000, 0.000, '', '', 'sans', 20, '0xFFFFFF', 0, 0, 10, 0, '', 'left'),(4252, 2126, 'v', 1, -35, 278, 1.000, 1150, 929, 0, 1, '0xFFFFFF', 0.000, 1.000, 0.000, '', '', 'sans', 20, '0xFFFFFF', 0, 0, 10, 0, '', 'left'),(4253, 2127, 'h', 6, 1560, 1000, 1.000, 100, 57, 0, 1, '0xFFFFFF', 0.000, 1.000, 0.000, '', '', 'sans', 20, '0xFFFFFF', 0, 0, 10, 0, '', 'left'),(4254, 2127, 'v', 2, 20, 1780, 1.000, 210, 120, 0, 1, '0xFFFFFF', 0.000, 1.000, 0.000, '', '', 'sans', 20, '0xFFFFFF', 0, 0, 10, 0, '', 'left'),(4255, 2128, 'h', 5, 1680, 1000, 1.000, 100, 57, 0, 1, '0xFFFFFF', 0.000, 1.000, 0.000, '', '', 'sans', 20, '0xFFFFFF', 0, 0, 10, 0, '', 'left'),(4256, 2128, 'v', 3, 850, 20, 1.000, 210, 120, 0, 1, '0xFFFFFF', 0.000, 1.000, 0.000, '', '', 'sans', 20, '0xFFFFFF', 0, 0, 10, 0, '', 'left'),(4257, 2129, 'h', 2, 0, 0, 1.000, 320, 320, 0, 1, '0xFFFFFF', 0.000, 0.500, 0.000, '', '', 'sans', 20, '0xFFFFFF', 0, 0, 10, 0, '', 'left'),(4258, 2129, 'v', 4, 0, 0, 1.000, 320, 320, 0, 1, '0xFFFFFF', 0.000, 0.500, 0.000, '', '', 'sans', 20, '0xFFFFFF', 0, 0, 10, 0, '', 'left'),(4259, 2130, 'h', 7, 1800, 1000, 1.000, 100, 57, 0, 1, '0xFFFFFF', 0.000, 1.000, 0.000, '', '', 'sans', 20, '0xFFFFFF', 0, 0, 10, 0, '', 'left'),(4260, 2130, 'v', 5, 850, 1780, 1.000, 210, 120, 0, 1, '0xFFFFFF', 0.000, 1.000, 0.000, '', '', 'sans', 20, '0xFFFFFF', 0, 0, 10, 0, '', 'left'),(4261, 2131, 'h', 3, 60, 880, 1.000, 1800, 200, 0, 1, '0xFFFFFF', 0.000, 1.000, 0.000, '', '', 'Averia Serif GWF', 50, '0xFFFFFF', 0, 0, 10, 0, '', 'center'),(4262, 2131, 'v', 6, 90, 1300, 1.000, 900, 400, 0, 1, '0xFFFFFF', 0.000, 1.000, 0.000, '', '', 'Averia Serif GWF', 60, '0xFFFFFF', 0, 0, 10, 0, '', 'center'),(4263, 2132, 'h', 9, 1191, 70, 1.000, 422, 750, 0, 1, '0xFFFFFF', 0.000, 1.000, 0.000, '', '', 'sans', 20, '0xFFFFFF', 0, 0, 10, 0, '', 'left'),(4264, 2132, 'v', 7, -230, 298, 1.000, 500, 889, 0, 1, '0xFFFFFF', 0.000, 1.000, 0.000, '', '', 'sans', 20, '0xFFFFFF', 0, 0, 10, 0, '', 'left'),(4265, 2133, 'h', 4, 307, 70, 1.000, 422, 750, 0, 1, '0xFFFFFF', 0.000, 1.000, 0.000, '', '', 'sans', 20, '0xFFFFFF', 0, 0, 10, 0, '', 'left'),(4266, 2133, 'v', 8, 290, 298, 1.000, 500, 889, 0, 1, '0xFFFFFF', 0.000, 1.000, 0.000, '', '', 'sans', 20, '0xFFFFFF', 0, 0, 10, 0, '', 'left'),(4267, 2134, 'h', 8, 749, 70, 1.000, 422, 750, 0, 1, '0xFFFFFF', 0.000, 1.000, 0.000, '', '', 'sans', 20, '0xFFFFFF', 0, 0, 10, 0, '', 'left'),(4268, 2134, 'v', 9, 810, 298, 1.000, 500, 889, 0, 1, '0xFFFFFF', 0.000, 1.000, 0.000, '', '', 'sans', 20, '0xFFFFFF', 0, 0, 10, 0, '', 'left'),(4269, 2135, 'h', 0, 0, 0, 1.000, 1920, 1080, 0, 1, '0xFFFFFF', 0.000, 1.000, 0.000, '', '', 'sans', 20, '0xFFFFFF', 0, 0, 10, 0, '', 'left'),(4270, 2135, 'v', 0, 0, 0, 1.000, 1080, 1920, 0, 1, '0xFFFFFF', 0.000, 1.000, 0.000, '', '', 'sans', 20, '0xFFFFFF', 0, 0, 10, 0, '', 'left'),(4271, 2136, 'h', 1, 287, 50, 1.000, 1346, 790, 0, 1, '0xFFFFFF', 0.000, 1.000, 0.000, '', '', 'sans', 20, '0xFFFFFF', 0, 0, 10, 0, '', 'left'),(4272, 2136, 'v', 1, -35, 278, 1.000, 1150, 929, 0, 1, '0xFFFFFF', 0.000, 1.000, 0.000, '', '', 'sans', 20, '0xFFFFFF', 0, 0, 10, 0, '', 'left'),(4273, 2137, 'h', 6, 1560, 1000, 1.000, 100, 57, 0, 1, '0xFFFFFF', 0.000, 1.000, 0.000, '', '', 'sans', 20, '0xFFFFFF', 0, 0, 10, 0, '', 'left'),(4274, 2137, 'v', 2, 20, 1780, 1.000, 210, 120, 0, 1, '0xFFFFFF', 0.000, 1.000, 0.000, '', '', 'sans', 20, '0xFFFFFF', 0, 0, 10, 0, '', 'left'),(4275, 2138, 'h', 5, 1680, 1000, 1.000, 100, 57, 0, 1, '0xFFFFFF', 0.000, 1.000, 0.000, '', '', 'sans', 20, '0xFFFFFF', 0, 0, 10, 0, '', 'left'),(4276, 2138, 'v', 3, 850, 20, 1.000, 210, 120, 0, 1, '0xFFFFFF', 0.000, 1.000, 0.000, '', '', 'sans', 20, '0xFFFFFF', 0, 0, 10, 0, '', 'left'),(4277, 2139, 'h', 2, 0, 0, 1.000, 320, 320, 0, 1, '0xFFFFFF', 0.000, 0.500, 0.000, '', '', 'sans', 20, '0xFFFFFF', 0, 0, 10, 0, '', 'left'),(4278, 2139, 'v', 4, 0, 0, 1.000, 320, 320, 0, 1, '0xFFFFFF', 0.000, 0.500, 0.000, '', '', 'sans', 20, '0xFFFFFF', 0, 0, 10, 0, '', 'left'),(4279, 2140, 'h', 7, 1800, 1000, 1.000, 100, 57, 0, 1, '0xFFFFFF', 0.000, 1.000, 0.000, '', '', 'sans', 20, '0xFFFFFF', 0, 0, 10, 0, '', 'left'),(4280, 2140, 'v', 5, 850, 1780, 1.000, 210, 120, 0, 1, '0xFFFFFF', 0.000, 1.000, 0.000, '', '', 'sans', 20, '0xFFFFFF', 0, 0, 10, 0, '', 'left'),(4281, 2141, 'h', 3, 60, 880, 1.000, 1800, 200, 0, 1, '0xFFFFFF', 0.000, 1.000, 0.000, '', '', 'Averia Serif GWF', 50, '0xFFFFFF', 0, 0, 10, 0, '', 'center'),(4282, 2141, 'v', 6, 90, 1300, 1.000, 900, 400, 0, 1, '0xFFFFFF', 0.000, 1.000, 0.000, '', '', 'Averia Serif GWF', 60, '0xFFFFFF', 0, 0, 10, 0, '', 'center'),(4283, 2142, 'h', 4, 749, 70, 1.000, 422, 750, 0, 1, '0xFFFFFF', 0.000, 1.000, 0.000, '', '', 'sans', 20, '0xFFFFFF', 0, 0, 10, 0, '', 'left'),(4284, 2142, 'v', 7, -750, 298, 1.000, 500, 889, 0, 1, '0xFFFFFF', 0.000, 1.000, 0.000, '', '', 'sans', 20, '0xFFFFFF', 0, 0, 10, 0, '', 'left'),(4285, 2143, 'h', 9, 1191, 70, 1.000, 422, 750, 0, 1, '0xFFFFFF', 0.000, 1.000, 0.000, '', '', 'sans', 20, '0xFFFFFF', 0, 0, 10, 0, '', 'left'),(4286, 2143, 'v', 8, -230, 298, 1.000, 500, 889, 0, 1, '0xFFFFFF', 0.000, 1.000, 0.000, '', '', 'sans', 20, '0xFFFFFF', 0, 0, 10, 0, '', 'left'),(4287, 2144, 'h', 8, 307, 70, 1.000, 422, 750, 0, 1, '0xFFFFFF', 0.000, 1.000, 0.000, '', '', 'sans', 20, '0xFFFFFF', 0, 0, 10, 0, '', 'left'),(4288, 2144, 'v', 9, 290, 298, 1.000, 500, 889, 0, 1, '0xFFFFFF', 0.000, 1.000, 0.000, '', '', 'sans', 20, '0xFFFFFF', 0, 0, 10, 0, '', 'left'),(4289, 2145, 'h', 0, 0, 0, 1.000, 1920, 1080, 0, 1, '0xFFFFFF', 0.000, 1.000, 0.000, '', '', 'sans', 20, '0xFFFFFF', 0, 0, 10, 0, '', 'left'),(4290, 2145, 'v', 0, 0, 0, 1.000, 1080, 1920, 0, 1, '0xFFFFFF', 0.000, 1.000, 0.000, '', '', 'sans', 20, '0xFFFFFF', 0, 0, 10, 0, '', 'left'),(4291, 2146, 'h', 1, 287, 50, 1.000, 1346, 790, 0, 1, '0xFFFFFF', 0.000, 1.000, 0.000, '', '', 'sans', 20, '0xFFFFFF', 0, 0, 10, 0, '', 'left'),(4292, 2146, 'v', 1, -35, 278, 1.000, 1150, 929, 0, 1, '0xFFFFFF', 0.000, 1.000, 0.000, '', '', 'sans', 20, '0xFFFFFF', 0, 0, 10, 0, '', 'left'),(4293, 2147, 'h', 6, 1560, 1000, 1.000, 100, 57, 0, 1, '0xFFFFFF', 0.000, 1.000, 0.000, '', '', 'sans', 20, '0xFFFFFF', 0, 0, 10, 0, '', 'left'),(4294, 2147, 'v', 2, 20, 1780, 1.000, 210, 120, 0, 1, '0xFFFFFF', 0.000, 1.000, 0.000, '', '', 'sans', 20, '0xFFFFFF', 0, 0, 10, 0, '', 'left'),(4295, 2148, 'h', 7, 1680, 1000, 1.000, 100, 57, 0, 1, '0xFFFFFF', 0.000, 1.000, 0.000, '', '', 'sans', 20, '0xFFFFFF', 0, 0, 10, 0, '', 'left'),(4296, 2148, 'v', 3, 850, 20, 1.000, 210, 120, 0, 1, '0xFFFFFF', 0.000, 1.000, 0.000, '', '', 'sans', 20, '0xFFFFFF', 0, 0, 10, 0, '', 'left'),(4297, 2149, 'h', 2, 0, 0, 1.000, 320, 320, 0, 1, '0xFFFFFF', 0.000, 0.500, 0.000, '', '', 'sans', 20, '0xFFFFFF', 0, 0, 10, 0, '', 'left'),(4298, 2149, 'v', 4, 0, 0, 1.000, 320, 320, 0, 1, '0xFFFFFF', 0.000, 0.500, 0.000, '', '', 'sans', 20, '0xFFFFFF', 0, 0, 10, 0, '', 'left'),(4299, 2150, 'h', 8, 1800, 1000, 1.000, 100, 57, 0, 1, '0xFFFFFF', 0.000, 1.000, 0.000, '', '', 'sans', 20, '0xFFFFFF', 0, 0, 10, 0, '', 'left'),(4300, 2150, 'v', 5, 850, 1780, 1.000, 210, 120, 0, 1, '0xFFFFFF', 0.000, 1.000, 0.000, '', '', 'sans', 20, '0xFFFFFF', 0, 0, 10, 0, '', 'left'),(4301, 2151, 'h', 3, 60, 880, 1.000, 1800, 200, 0, 1, '0xFFFFFF', 0.000, 1.000, 0.000, '', '', 'Averia Serif GWF', 50, '0xFFFFFF', 0, 0, 10, 0, '', 'center'),(4302, 2151, 'v', 6, 90, 1300, 1.000, 900, 400, 0, 1, '0xFFFFFF', 0.000, 1.000, 0.000, '', '', 'Averia Serif GWF', 60, '0xFFFFFF', 0, 0, 10, 0, '', 'center'),(4303, 2152, 'h', 4, 307, 70, 1.000, 422, 750, 0, 1, '0xFFFFFF', 0.000, 1.000, 0.000, '', '', 'sans', 20, '0xFFFFFF', 0, 0, 10, 0, '', 'left'),(4304, 2152, 'v', 7, -230, 298, 1.000, 500, 889, 0, 1, '0xFFFFFF', 0.000, 1.000, 0.000, '', '', 'sans', 20, '0xFFFFFF', 0, 0, 10, 0, '', 'left'),(4305, 2153, 'h', 5, 749, 70, 1.000, 422, 750, 0, 1, '0xFFFFFF', 0.000, 1.000, 0.000, '', '', 'sans', 20, '0xFFFFFF', 0, 0, 10, 0, '', 'left'),(4306, 2153, 'v', 8, 290, 298, 1.000, 500, 889, 0, 1, '0xFFFFFF', 0.000, 1.000, 0.000, '', '', 'sans', 20, '0xFFFFFF', 0, 0, 10, 0, '', 'left'),(4307, 2154, 'h', 9, 1191, 70, 1.000, 422, 750, 0, 1, '0xFFFFFF', 0.000, 1.000, 0.000, '', '', 'sans', 20, '0xFFFFFF', 0, 0, 10, 0, '', 'left'),(4308, 2154, 'v', 9, 810, 298, 1.000, 500, 889, 0, 1, '0xFFFFFF', 0.000, 1.000, 0.000, '', '', 'sans', 20, '0xFFFFFF', 0, 0, 10, 0, '', 'left'),(4309, 2155, 'h', 0, 0, 0, 1.000, 1920, 1080, 0, 1, '0xFFFFFF', 0.000, 1.000, 0.000, '', '', 'sans', 20, '0xFFFFFF', 0, 0, 10, 0, '', 'left'),(4310, 2155, 'v', 0, 0, 0, 1.000, 1080, 1920, 0, 1, '0xFFFFFF', 0.000, 1.000, 0.000, '', '', 'sans', 20, '0xFFFFFF', 0, 0, 10, 0, '', 'left'),(4311, 2156, 'h', 1, 1100, 90, 1.000, 629, 839, 0, 1, '0xFFFFFF', 0.000, 1.000, 0.000, '', '', 'sans', 20, '0xFFFFFF', 0, 0, 10, 0, '', 'left'),(4312, 2156, 'v', 1, 259, 960, 1.000, 563, 750, 0, 1, '0xFFFFFF', 0.000, 1.000, 0.000, '', '', 'sans', 20, '0xFFFFFF', 0, 0, 10, 0, '', 'left'),(4313, 2157, 'h', 7, 20, 1000, 1.000, 100, 57, 0, 1, '0xFFFFFF', 0.000, 1.000, 0.000, '', '', 'sans', 20, '0xFFFFFF', 0, 0, 10, 0, '', 'left'),(4314, 2157, 'v', 8, 296, 1780, 1.000, 210, 120, 0, 1, '0xFFFFFF', 0.000, 1.000, 0.000, '', '', 'sans', 20, '0xFFFFFF', 0, 0, 10, 0, '', 'left'),(4315, 2158, 'h', 5, 1680, 1000, 1.000, 100, 57, 0, 1, '0xFFFFFF', 0.000, 1.000, 0.000, '', '', 'sans', 20, '0xFFFFFF', 0, 0, 10, 0, '', 'left'),(4316, 2158, 'v', 2, 20, 1780, 1.000, 210, 120, 0, 1, '0xFFFFFF', 0.000, 1.000, 0.000, '', '', 'sans', 20, '0xFFFFFF', 0, 0, 10, 0, '', 'left'),(4317, 2159, 'h', 9, 260, 1000, 1.000, 100, 57, 0, 1, '0xFFFFFF', 0.000, 1.000, 0.000, '', '', 'sans', 20, '0xFFFFFF', 0, 0, 10, 0, '', 'left'),(4318, 2159, 'v', 9, 850, 1780, 1.000, 210, 120, 0, 1, '0xFFFFFF', 0.000, 1.000, 0.000, '', '', 'sans', 20, '0xFFFFFF', 0, 0, 10, 0, '', 'left'),(4319, 2160, 'h', 4, 1800, 1000, 1.000, 100, 57, 0, 1, '0xFFFFFF', 0.000, 1.000, 0.000, '', '', 'sans', 20, '0xFFFFFF', 0, 0, 10, 0, '', 'left'),(4320, 2160, 'v', 3, 850, 20, 1.000, 210, 120, 0, 1, '0xFFFFFF', 0.000, 1.000, 0.000, '', '', 'sans', 20, '0xFFFFFF', 0, 0, 10, 0, '', 'left'),(4321, 2161, 'h', 2, 0, 0, 1.000, 320, 320, 0, 1, '0xFFFFFF', 0.000, 0.500, 0.000, '', '', 'sans', 20, '0xFFFFFF', 0, 0, 10, 0, '', 'left'),(4322, 2161, 'v', 4, 0, 0, 1.000, 320, 320, 0, 1, '0xFFFFFF', 0.000, 0.500, 0.000, '', '', 'sans', 20, '0xFFFFFF', 0, 0, 10, 0, '', 'left'),(4323, 2162, 'h', 6, 1800, 1000, 1.000, 100, 57, 0, 0, '0xFFFFFF', 0.000, 1.000, 0.000, '', '', 'sans', 20, '0xFFFFFF', 0, 0, 10, 0, '', 'left'),(4324, 2162, 'v', 5, 850, 1780, 1.000, 210, 120, 0, 0, '0xFFFFFF', 0.000, 1.000, 0.000, '', '', 'sans', 20, '0xFFFFFF', 0, 0, 10, 0, '', 'left'),(4325, 2163, 'h', 3, 200, 190, 1.000, 750, 750, 0, 1, '0xFFFFFF', 0.000, 1.000, 0.000, '', '', 'Averia Serif GWF', 50, '0xFFFFFF', 0, 0, 10, 0, '', 'left'),(4326, 2163, 'v', 6, 90, 200, 1.000, 900, 800, 0, 1, '0xFFFFFF', 0.000, 1.000, 0.000, '', '', 'Averia Serif GWF', 60, '0xFFFFFF', 0, 0, 10, 0, '', 'left'),(4327, 2164, 'h', 8, 140, 1000, 1.000, 100, 57, 0, 1, '0xFFFFFF', 0.000, 1.000, 0.000, '', '', 'sans', 20, '0xFFFFFF', 0, 0, 10, 0, '', 'left'),(4328, 2164, 'v', 7, 574, 1780, 1.000, 210, 120, 0, 1, '0xFFFFFF', 0.000, 1.000, 0.000, '', '', 'sans', 20, '0xFFFFFF', 0, 0, 10, 0, '', 'left'),(4365, 2183, 'h', 0, 0, 0, 1.000, 1920, 1080, 0, 1, '0xFFFFFF', 0.000, 1.000, 0.000, '', '', 'sans', 20, '0xFFFFFF', 0, 0, 10, 0, '', 'left'),(4366, 2183, 'v', 0, 0, 0, 1.000, 1080, 1920, 0, 1, '0xFFFFFF', 0.000, 1.000, 0.000, '', '', 'sans', 20, '0xFFFFFF', 0, 0, 10, 0, '', 'left'),(4367, 2184, 'h', 1, 183, 1090, 1.000, 766, 1080, 0, 1, '0xFFFFFF', 0.000, 1.000, 0.000, '', '', 'sans', 20, '0xFFFFFF', 0, 0, 10, 0, '', 'left'),(4368, 2184, 'v', 1, 196, 1930, 1.000, 688, 970, 0, 1, '0xFFFFFF', 0.000, 1.000, 0.000, '', '', 'sans', 20, '0xFFFFFF', 0, 0, 10, 0, '', 'left'),(4369, 2185, 'h', 2, 1560, 1000, 1.000, 100, 57, 0, 1, '0xFFFFFF', 0.000, 1.000, 0.000, '', '', 'sans', 20, '0xFFFFFF', 0, 0, 10, 0, '', 'left'),(4370, 2185, 'v', 4, 20, 1780, 1.000, 210, 120, 0, 1, '0xFFFFFF', 0.000, 1.000, 0.000, '', '', 'sans', 20, '0xFFFFFF', 0, 0, 10, 0, '', 'left'),(4371, 2186, 'h', 4, 1680, 1000, 1.000, 100, 57, 0, 1, '0xFFFFFF', 0.000, 1.000, 0.000, '', '', 'sans', 20, '0xFFFFFF', 0, 0, 10, 0, '', 'left'),(4372, 2186, 'v', 3, 850, 20, 1.000, 210, 120, 0, 1, '0xFFFFFF', 0.000, 1.000, 0.000, '', '', 'sans', 20, '0xFFFFFF', 0, 0, 10, 0, '', 'left'),(4373, 2187, 'h', 5, 0, 0, 1.000, 320, 320, 0, 1, '0xFFFFFF', 0.000, 0.500, 0.000, '', '', 'sans', 20, '0xFFFFFF', 0, 0, 10, 0, '', 'left'),(4374, 2187, 'v', 5, 0, 0, 1.000, 320, 320, 0, 1, '0xFFFFFF', 0.000, 0.500, 0.000, '', '', 'sans', 20, '0xFFFFFF', 0, 0, 10, 0, '', 'left'),(4375, 2188, 'h', 6, 1800, 1000, 1.000, 100, 57, 0, 1, '0xFFFFFF', 0.000, 1.000, 0.000, '', '', 'sans', 20, '0xFFFFFF', 0, 0, 10, 0, '', 'left'),(4376, 2188, 'v', 6, 850, 1780, 1.000, 210, 120, 0, 1, '0xFFFFFF', 0.000, 1.000, 0.000, '', '', 'sans', 20, '0xFFFFFF', 0, 0, 10, 0, '', 'left'),(4377, 2189, 'h', 3, 410, 120, 1.000, 1100, 900, 0, 1, '0xFFFFFF', 0.000, 1.000, 0.000, '', '', 'Averia Serif GWF', 50, '0xFFFFFF', 0, 0, 10, 0, '', 'left'),(4378, 2189, 'v', 2, 90, 300, 1.000, 900, 1350, 0, 1, '0xFFFFFF', 0.000, 1.000, 0.000, '', '', 'Averia Serif GWF', 60, '0xFFFFFF', 0, 0, 10, 0, '', 'left'),(4489, 2245, 'h', 0, 0, 0, 1.000, 1920, 1080, 0, 1, '0xFFFFFF', 0.000, 1.000, 0.000, '', '', 'sans', 20, '0xFFFFFF', 0, 0, 10, 0, '', 'left'),(4490, 2245, 'v', 0, 0, 0, 1.000, 1080, 1920, 0, 1, '0xFFFFFF', 0.000, 1.000, 0.000, '', '', 'sans', 20, '0xFFFFFF', 0, 0, 10, 0, '', 'left'),(4491, 2246, 'h', 1, 183, 1090, 1.000, 766, 1080, 0, 1, '0xFFFFFF', 0.000, 1.000, 0.000, '', '', 'sans', 20, '0xFFFFFF', 0, 0, 10, 0, '', 'left'),(4492, 2246, 'v', 1, 196, 1930, 1.000, 688, 970, 0, 1, '0xFFFFFF', 0.000, 1.000, 0.000, '', '', 'sans', 20, '0xFFFFFF', 0, 0, 10, 0, '', 'left'),(4493, 2247, 'h', 2, 1560, 1000, 1.000, 100, 57, 0, 1, '0xFFFFFF', 0.000, 1.000, 0.000, '', '', 'sans', 20, '0xFFFFFF', 0, 0, 10, 0, '', 'left'),(4494, 2247, 'v', 4, 20, 1780, 1.000, 210, 120, 0, 1, '0xFFFFFF', 0.000, 1.000, 0.000, '', '', 'sans', 20, '0xFFFFFF', 0, 0, 10, 0, '', 'left'),(4495, 2248, 'h', 4, 1680, 1000, 1.000, 100, 57, 0, 1, '0xFFFFFF', 0.000, 1.000, 0.000, '', '', 'sans', 20, '0xFFFFFF', 0, 0, 10, 0, '', 'left'),(4496, 2248, 'v', 3, 850, 20, 1.000, 210, 120, 0, 1, '0xFFFFFF', 0.000, 1.000, 0.000, '', '', 'sans', 20, '0xFFFFFF', 0, 0, 10, 0, '', 'left'),(4497, 2249, 'h', 5, 0, 0, 1.000, 320, 320, 0, 1, '0xFFFFFF', 0.000, 0.500, 0.000, '', '', 'sans', 20, '0xFFFFFF', 0, 0, 10, 0, '', 'left'),(4498, 2249, 'v', 5, 0, 0, 1.000, 320, 320, 0, 1, '0xFFFFFF', 0.000, 0.500, 0.000, '', '', 'sans', 20, '0xFFFFFF', 0, 0, 10, 0, '', 'left'),(4499, 2250, 'h', 6, 1800, 1000, 1.000, 100, 57, 0, 1, '0xFFFFFF', 0.000, 1.000, 0.000, '', '', 'sans', 20, '0xFFFFFF', 0, 0, 10, 0, '', 'left'),(4500, 2250, 'v', 6, 850, 1780, 1.000, 210, 120, 0, 1, '0xFFFFFF', 0.000, 1.000, 0.000, '', '', 'sans', 20, '0xFFFFFF', 0, 0, 10, 0, '', 'left'),(4501, 2251, 'h', 3, 460, 200, 1.000, 1000, 600, 0, 1, '0xFFFFFF', 0.000, 1.000, 0.000, '', '', 'Averia Serif GWF', 50, '0xFFFFFF', 0, 0, 10, 0, '', 'left'),(4502, 2251, 'v', 2, 240, 450, 1.000, 600, 900, 0, 1, '0xFFFFFF', 0.000, 1.000, 0.000, '', '', 'Averia Serif GWF', 60, '0xFFFFFF', 0, 0, 10, 0, '', 'left'),(4503, 2252, 'h', 0, 0, 0, 1.000, 1920, 1080, 0, 1, '0xFFFFFF', 0.000, 1.000, 0.000, '', '', 'sans', 20, '0xFFFFFF', 0, 0, 10, 0, '', 'left'),(4504, 2252, 'v', 0, 0, 0, 1.000, 1080, 1920, 0, 1, '0xFFFFFF', 0.000, 1.000, 0.000, '', '', 'sans', 20, '0xFFFFFF', 0, 0, 10, 0, '', 'left'),(4505, 2253, 'h', 1, 183, 1090, 1.000, 766, 1080, 0, 1, '0xFFFFFF', 0.000, 1.000, 0.000, '', '', 'sans', 20, '0xFFFFFF', 0, 0, 10, 0, '', 'left'),(4506, 2253, 'v', 1, 196, 1930, 1.000, 688, 970, 0, 1, '0xFFFFFF', 0.000, 1.000, 0.000, '', '', 'sans', 20, '0xFFFFFF', 0, 0, 10, 0, '', 'left'),(4507, 2254, 'h', 2, 1560, 1000, 1.000, 100, 57, 0, 1, '0xFFFFFF', 0.000, 1.000, 0.000, '', '', 'sans', 20, '0xFFFFFF', 0, 0, 10, 0, '', 'left'),(4508, 2254, 'v', 4, 20, 1780, 1.000, 210, 120, 0, 1, '0xFFFFFF', 0.000, 1.000, 0.000, '', '', 'sans', 20, '0xFFFFFF', 0, 0, 10, 0, '', 'left'),(4509, 2255, 'h', 4, 1680, 1000, 1.000, 100, 57, 0, 1, '0xFFFFFF', 0.000, 1.000, 0.000, '', '', 'sans', 20, '0xFFFFFF', 0, 0, 10, 0, '', 'left'),(4510, 2255, 'v', 3, 850, 20, 1.000, 210, 120, 0, 1, '0xFFFFFF', 0.000, 1.000, 0.000, '', '', 'sans', 20, '0xFFFFFF', 0, 0, 10, 0, '', 'left');
INSERT INTO `instancedesc` (`id_id`, `id_instance`, `id_position`, `id_order`, `id_x`, `id_y`, `id_alpha`, `id_width`, `id_height`, `id_rotation`, `id_visible`, `id_color`, `id_coloralpha`, `id_volume`, `id_pan`, `id_blur`, `id_dropshadow`, `id_textfont`, `id_textsize`, `id_textcolor`, `id_textbold`, `id_textitalic`, `id_textleading`, `id_textspacing`, `id_textbackground`, `id_textalign`) VALUES(4511, 2256, 'h', 5, 0, 0, 1.000, 320, 320, 0, 1, '0xFFFFFF', 0.000, 0.500, 0.000, '', '', 'sans', 20, '0xFFFFFF', 0, 0, 10, 0, '', 'left'),(4512, 2256, 'v', 5, 0, 0, 1.000, 320, 320, 0, 1, '0xFFFFFF', 0.000, 0.500, 0.000, '', '', 'sans', 20, '0xFFFFFF', 0, 0, 10, 0, '', 'left'),(4513, 2257, 'h', 6, 1800, 1000, 1.000, 100, 57, 0, 1, '0xFFFFFF', 0.000, 1.000, 0.000, '', '', 'sans', 20, '0xFFFFFF', 0, 0, 10, 0, '', 'left'),(4514, 2257, 'v', 6, 850, 1780, 1.000, 210, 120, 0, 1, '0xFFFFFF', 0.000, 1.000, 0.000, '', '', 'sans', 20, '0xFFFFFF', 0, 0, 10, 0, '', 'left'),(4515, 2258, 'h', 3, 460, 200, 1.000, 1000, 600, 0, 1, '0xFFFFFF', 0.000, 1.000, 0.000, '', '', 'Averia Serif GWF', 50, '0xFFFFFF', 0, 0, 10, 0, '', 'left'),(4516, 2258, 'v', 2, 240, 450, 1.000, 600, 900, 0, 1, '0xFFFFFF', 0.000, 1.000, 0.000, '', '', 'Averia Serif GWF', 60, '0xFFFFFF', 0, 0, 10, 0, '', 'left'),(4545, 2273, 'h', 0, 0, 0, 1.000, 1920, 1080, 0, 1, '0xFFFFFF', 0.000, 1.000, 0.000, '', '', 'sans', 20, '0xFFFFFF', 0, 0, 10, 0, '', 'left'),(4546, 2273, 'v', 0, 0, 0, 1.000, 1080, 1920, 0, 1, '0xFFFFFF', 0.000, 1.000, 0.000, '', '', 'sans', 20, '0xFFFFFF', 0, 0, 10, 0, '', 'left'),(4547, 2274, 'h', 1, 183, 90, 1.000, 766, 1080, 0, 1, '0xFFFFFF', 0.000, 1.000, 0.000, '', '', 'sans', 20, '0xFFFFFF', 0, 0, 10, 0, '', 'left'),(4548, 2274, 'v', 1, 196, 1020, 1.000, 688, 970, 0, 1, '0xFFFFFF', 0.000, 1.000, 0.000, '', '', 'sans', 20, '0xFFFFFF', 0, 0, 10, 0, '', 'left'),(4549, 2275, 'h', 2, 1560, 1000, 1.000, 100, 57, 0, 1, '0xFFFFFF', 0.000, 1.000, 0.000, '', '', 'sans', 20, '0xFFFFFF', 0, 0, 10, 0, '', 'left'),(4550, 2275, 'v', 4, 20, 1780, 1.000, 210, 120, 0, 1, '0xFFFFFF', 0.000, 1.000, 0.000, '', '', 'sans', 20, '0xFFFFFF', 0, 0, 10, 0, '', 'left'),(4551, 2276, 'h', 4, 1680, 1000, 1.000, 100, 57, 0, 1, '0xFFFFFF', 0.000, 1.000, 0.000, '', '', 'sans', 20, '0xFFFFFF', 0, 0, 10, 0, '', 'left'),(4552, 2276, 'v', 3, 850, 20, 1.000, 210, 120, 0, 1, '0xFFFFFF', 0.000, 1.000, 0.000, '', '', 'sans', 20, '0xFFFFFF', 0, 0, 10, 0, '', 'left'),(4553, 2277, 'h', 5, 0, 0, 1.000, 320, 320, 0, 1, '0xFFFFFF', 0.000, 0.500, 0.000, '', '', 'sans', 20, '0xFFFFFF', 0, 0, 10, 0, '', 'left'),(4554, 2277, 'v', 5, 0, 0, 1.000, 320, 320, 0, 1, '0xFFFFFF', 0.000, 0.500, 0.000, '', '', 'sans', 20, '0xFFFFFF', 0, 0, 10, 0, '', 'left'),(4555, 2278, 'h', 6, 1800, 1000, 1.000, 100, 57, 0, 1, '0xFFFFFF', 0.000, 1.000, 0.000, '', '', 'sans', 20, '0xFFFFFF', 0, 0, 10, 0, '', 'left'),(4556, 2278, 'v', 6, 850, 1780, 1.000, 210, 120, 0, 1, '0xFFFFFF', 0.000, 1.000, 0.000, '', '', 'sans', 20, '0xFFFFFF', 0, 0, 10, 0, '', 'left'),(4557, 2279, 'h', 3, 1000, 363, 1.000, 600, 600, 0, 1, '0xFFFFFF', 0.000, 1.000, 0.000, '', '', 'Averia Serif GWF', 50, '0xFFFFFF', 0, 0, 10, 0, '', 'left'),(4558, 2279, 'v', 2, 240, 400, 1.000, 600, 500, 0, 1, '0xFFFFFF', 0.000, 1.000, 0.000, '', '', 'Averia Serif GWF', 60, '0xFFFFFF', 0, 0, 10, 0, '', 'left'),(4577, 2289, 'h', 0, 0, 0, 1.000, 1920, 1080, 0, 1, '0xFFFFFF', 0.000, 1.000, 0.000, '', '', 'sans', 20, '0xFFFFFF', 0, 0, 10, 0, '', 'left'),(4578, 2289, 'v', 0, 0, 0, 1.000, 1080, 1920, 0, 1, '0xFFFFFF', 0.000, 1.000, 0.000, '', '', 'sans', 20, '0xFFFFFF', 0, 0, 10, 0, '', 'left'),(4579, 2290, 'h', 1, 0, 97, 1.000, 568, 886, 0, 1, '0xFFFFFF', 0.000, 1.000, 0.000, '', '', 'sans', 20, '0xFFFFFF', 0, 0, 10, 0, '', 'left'),(4580, 2290, 'v', 1, 0, 150, 1.000, 500, 780, 0, 1, '0xFFFFFF', 0.000, 1.000, 0.000, '', '', 'sans', 20, '0xFFFFFF', 0, 0, 10, 0, '', 'left'),(4581, 2291, 'h', 2, 1680, 1000, 1.000, 100, 57, 0, 1, '0xFFFFFF', 0.000, 1.000, 0.000, '', '', 'sans', 20, '0xFFFFFF', 0, 0, 10, 0, '', 'left'),(4582, 2291, 'v', 4, 20, 1780, 1.000, 210, 120, 0, 1, '0xFFFFFF', 0.000, 1.000, 0.000, '', '', 'sans', 20, '0xFFFFFF', 0, 0, 10, 0, '', 'left'),(4583, 2292, 'h', 4, 1800, 1000, 1.000, 100, 57, 0, 1, '0xFFFFFF', 0.000, 1.000, 0.000, '', '', 'sans', 20, '0xFFFFFF', 0, 0, 10, 0, '', 'left'),(4584, 2292, 'v', 3, 850, 20, 1.000, 210, 120, 0, 1, '0xFFFFFF', 0.000, 1.000, 0.000, '', '', 'sans', 20, '0xFFFFFF', 0, 0, 10, 0, '', 'left'),(4585, 2293, 'h', 5, -51, -52, 1.000, 320, 320, 0, 1, '0xFFFFFF', 0.000, 0.500, 0.000, '', '', 'sans', 20, '0xFFFFFF', 0, 0, 10, 0, '', 'left'),(4586, 2293, 'v', 5, 1225, 7, 1.000, 320, 320, 0, 1, '0xFFFFFF', 0.000, 0.500, 0.000, '', '', 'sans', 20, '0xFFFFFF', 0, 0, 10, 0, '', 'left'),(4587, 2294, 'h', 8, 1000, 650, 1.000, 572, 112, 0, 1, '0xFFFFFF', 0.000, 1.000, 0.000, '', '', 'sans', 20, '0xFFFFFF', 0, 0, 10, 0, '', 'left'),(4588, 2294, 'v', 7, 254, 1300, 1.000, 572, 112, 0, 1, '0xFFFFFF', 0.000, 1.000, 0.000, '', '', 'sans', 20, '0xFFFFFF', 0, 0, 10, 0, '', 'left'),(4589, 2295, 'h', 6, 1800, 1000, 1.000, 100, 57, 0, 0, '0xFFFFFF', 0.000, 1.000, 0.000, '', '', 'sans', 20, '0xFFFFFF', 0, 0, 10, 0, '', 'left'),(4590, 2295, 'v', 6, 850, 1780, 1.000, 210, 120, 0, 0, '0xFFFFFF', 0.000, 1.000, 0.000, '', '', 'sans', 20, '0xFFFFFF', 0, 0, 10, 0, '', 'left'),(4591, 2296, 'h', 7, 1000, 500, 1.000, 572, 112, 0, 1, '0xFFFFFF', 0.000, 1.000, 0.000, '', '', 'sans', 20, '0xFFFFFF', 0, 0, 10, 0, '', 'left'),(4592, 2296, 'v', 8, 254, 1100, 1.000, 572, 112, 0, 1, '0xFFFFFF', 0.000, 1.000, 0.000, '', '', 'sans', 20, '0xFFFFFF', 0, 0, 10, 0, '', 'left'),(4593, 2297, 'h', 3, 1000, 200, 1.000, 600, 600, 0, 1, '0xFFFFFF', 0.000, 1.000, 0.000, '', '', 'Averia Serif GWF', 50, '0xFFFFFF', 0, 0, 10, 0, '', 'left'),(4594, 2297, 'v', 2, 540, 450, 1.000, 500, 600, 0, 1, '0xFFFFFF', 0.000, 1.000, 0.000, '', '', 'Averia Serif GWF', 60, '0xFFFFFF', 0, 0, 10, 0, '', 'left'),(4595, 2298, 'h', 0, 0, 0, 1.000, 1920, 1080, 0, 1, '0xFFFFFF', 0.000, 1.000, 0.000, '', '', 'sans', 20, '0xFFFFFF', 0, 0, 10, 0, '', 'left'),(4596, 2298, 'v', 0, 0, 0, 1.000, 1080, 1920, 0, 1, '0xFFFFFF', 0.000, 1.000, 0.000, '', '', 'sans', 20, '0xFFFFFF', 0, 0, 10, 0, '', 'left'),(4597, 2299, 'h', 1, 100, 360, 1.000, 800, 800, 0, 1, '0xFFFFFF', 0.000, 1.000, 0.000, '', '', 'sans', 20, '0xFFFFFF', 0, 0, 10, 0, '', 'left'),(4598, 2299, 'v', 1, 220, 1290, 1.000, 700, 700, 0, 1, '0xFFFFFF', 0.000, 1.000, 0.000, '', '', 'sans', 20, '0xFFFFFF', 0, 0, 10, 0, '', 'left'),(4599, 2300, 'h', 2, 1560, 1000, 1.000, 100, 57, 0, 1, '0xFFFFFF', 0.000, 1.000, 0.000, '', '', 'sans', 20, '0xFFFFFF', 0, 0, 10, 0, '', 'left'),(4600, 2300, 'v', 5, 20, 1780, 1.000, 210, 120, 0, 1, '0xFFFFFF', 0.000, 1.000, 0.000, '', '', 'sans', 20, '0xFFFFFF', 0, 0, 10, 0, '', 'left'),(4601, 2301, 'h', 4, 1680, 1000, 1.000, 100, 57, 0, 1, '0xFFFFFF', 0.000, 1.000, 0.000, '', '', 'sans', 20, '0xFFFFFF', 0, 0, 10, 0, '', 'left'),(4602, 2301, 'v', 3, 850, 20, 1.000, 210, 120, 0, 1, '0xFFFFFF', 0.000, 1.000, 0.000, '', '', 'sans', 20, '0xFFFFFF', 0, 0, 10, 0, '', 'left'),(4603, 2302, 'h', 5, 0, 0, 1.000, 320, 320, 0, 1, '0xFFFFFF', 0.000, 0.500, 0.000, '', '', 'sans', 20, '0xFFFFFF', 0, 0, 10, 0, '', 'left'),(4604, 2302, 'v', 6, 0, 0, 1.000, 320, 320, 0, 1, '0xFFFFFF', 0.000, 0.500, 0.000, '', '', 'sans', 20, '0xFFFFFF', 0, 0, 10, 0, '', 'left'),(4605, 2303, 'h', 6, 1800, 1000, 1.000, 100, 57, 0, 1, '0xFFFFFF', 0.000, 1.000, 0.000, '', '', 'sans', 20, '0xFFFFFF', 0, 0, 10, 0, '', 'left'),(4606, 2303, 'v', 4, 850, 1780, 1.000, 210, 120, 0, 1, '0xFFFFFF', 0.000, 1.000, 0.000, '', '', 'sans', 20, '0xFFFFFF', 0, 0, 10, 0, '', 'left'),(4607, 2304, 'h', 3, 1100, 300, 1.000, 600, 400, 0, 1, '0xFFFFFF', 0.000, 1.000, 0.000, '', '', 'Averia Serif GWF', 50, '0xFFFFFF', 0, 0, 10, 0, '', 'left'),(4608, 2304, 'v', 2, 240, 500, 1.000, 600, 400, 0, 1, '0xFFFFFF', 0.000, 1.000, 0.000, '', '', 'Averia Serif GWF', 60, '0xFFFFFF', 0, 0, 10, 0, '', 'left');
INSERT INTO `instances` (`in_id`, `in_keyframe`, `in_name`, `in_collection`, `in_asset`, `in_action`, `in_play`) VALUES (680, 144, 'background', 'f83be46442163608f70314115770f718', 'cf02971b47', '', 1),(681, 144, 'buci', '4aa344057a12a0d7e5635ebfe3fb564f', '39e391ed43', '', 1),(682, 144, 'left', '3c4a7e145659cf17354c42b37bc296da', 'd49a0debb0', 'H4sIAAAAAAAAA6tWUEpMVrJSUCpOTs1L1ctLLMtMTyxJVdJRUCpILErMBUpFKyjlpKaVKCnEKtQCALTv4/kvAAAA', 1),(683, 144, 'menu', '3c4a7e145659cf17354c42b37bc296da', 'c8f445acfa', 'H4sIAAAAAAAAA6tWUEpMVrJSUCpOTs1L1ctLLMtMTyxJVdJRUCpILErMBUpFKyiVFigpxCrUAgBdu2V8LQAAAA==', 1),(684, 144, 'music', '91ec5ec8ae994565db475c6e2129eb2c', '93865a96e2', '', 1),(685, 144, 'right', '3c4a7e145659cf17354c42b37bc296da', 'beca4864ef', 'H4sIAAAAAAAAA6tWUEpMVrJSUCpOTs1L1ctLLMtMTyxJVdJRUCpILErMBUpFKygVZaZnlCgpxCrUAgDM2rrpMAAAAA==', 1),(686, 144, 'text', 'd2ce44910398249e45de0be1702d01cb', '1bcd35adbd', '', 1),(687, 145, 'background', 'f83be46442163608f70314115770f718', 'cf02971b47', '', 1),(688, 145, 'buci', '4aa344057a12a0d7e5635ebfe3fb564f', '7de9faac34', '', 1),(689, 145, 'left', '3c4a7e145659cf17354c42b37bc296da', 'd49a0debb0', 'H4sIAAAAAAAAA6tWUEpMVrJSUCpOTs1L1ctLLMtMTyxJVdJRUCpILErMBUpFKyjlpKaVKCnEKtQCALTv4/kvAAAA', 1),(690, 145, 'menu', '3c4a7e145659cf17354c42b37bc296da', 'c8f445acfa', 'H4sIAAAAAAAAA6tWUEpMVrJSUCpOTs1L1ctLLMtMTyxJVdJRUCpILErMBUpFKyiVFigpxCrUAgBdu2V8LQAAAA==', 1),(691, 145, 'music', '91ec5ec8ae994565db475c6e2129eb2c', '93865a96e2', '', 1),(692, 145, 'right', '3c4a7e145659cf17354c42b37bc296da', 'beca4864ef', 'H4sIAAAAAAAAA6tWUEpMVrJSUCpOTs1L1ctLLMtMTyxJVdJRUCpILErMBUpFKygVZaZnlCgpxCrUAgDM2rrpMAAAAA==', 1),(693, 145, 'text', 'd2ce44910398249e45de0be1702d01cb', '63d495752a', '', 1),(694, 146, 'background', 'f83be46442163608f70314115770f718', 'cf02971b47', '', 1),(695, 146, 'buci', '4aa344057a12a0d7e5635ebfe3fb564f', 'bebbd047ea', '', 1),(696, 146, 'left', '3c4a7e145659cf17354c42b37bc296da', 'd49a0debb0', 'H4sIAAAAAAAAA6tWUEpMVrJSUCpOTs1L1ctLLMtMTyxJVdJRUCpILErMBUpFKyjlpKaVKCnEKtQCALTv4/kvAAAA', 1),(697, 146, 'menu', '3c4a7e145659cf17354c42b37bc296da', 'c8f445acfa', 'H4sIAAAAAAAAA6tWUEpMVrJSUCpOTs1L1ctLLMtMTyxJVdJRUCpILErMBUpFKyiVFigpxCrUAgBdu2V8LQAAAA==', 1),(698, 146, 'music', '91ec5ec8ae994565db475c6e2129eb2c', '93865a96e2', '', 1),(699, 146, 'right', '3c4a7e145659cf17354c42b37bc296da', 'beca4864ef', 'H4sIAAAAAAAAA6tWUEpMVrJSUCpOTs1L1ctLLMtMTyxJVdJRUCpILErMBUpFKygVZaZnlCgpxCrUAgDM2rrpMAAAAA==', 1),(700, 146, 'text', 'd2ce44910398249e45de0be1702d01cb', '0bd068cfc0', '', 1),(792, 158, 'background', 'f83be46442163608f70314115770f718', 'cf02971b47', '', 1),(793, 158, 'buci', '4aa344057a12a0d7e5635ebfe3fb564f', 'fedc5d91b3', '', 1),(794, 158, 'left', '3c4a7e145659cf17354c42b37bc296da', 'd49a0debb0', 'H4sIAAAAAAAAA6tWUEpMVrJSUCpOTs1L1ctLLMtMTyxJVdJRUCpILErMBUpFKyjlpKaVKCnEKtQCALTv4/kvAAAA', 1),(795, 158, 'menu', '3c4a7e145659cf17354c42b37bc296da', 'c8f445acfa', 'H4sIAAAAAAAAA6tWUEpMVrJSUCpOTs1L1ctLLMtMTyxJVdJRUCpILErMBUpFKyiVFigpxCrUAgBdu2V8LQAAAA==', 1),(796, 158, 'music', '91ec5ec8ae994565db475c6e2129eb2c', '93865a96e2', '', 1),(797, 158, 'right', '3c4a7e145659cf17354c42b37bc296da', 'beca4864ef', 'H4sIAAAAAAAAA6tWUEpMVrJSUCpOTs1L1ctLLMtMTyxJVdJRUCpILErMBUpFKygVZaZnlCgpxCrUAgDM2rrpMAAAAA==', 1),(798, 158, 'text', 'd2ce44910398249e45de0be1702d01cb', 'df9cd05638', '', 1),(928, 175, 'background', 'f83be46442163608f70314115770f718', 'cf02971b47', '', 1),(929, 175, 'btbegin', '3c4a7e145659cf17354c42b37bc296da', 'ac36a24383', 'H4sIAAAAAAAAA6tWUEpMVrJSUCpOTs1L1ctLLMtMTyxJVdJRUCpILErMBUpFKygVZaZnlCgpxCrUAgDM2rrpMAAAAA==', 1),(930, 175, 'btbookmark', '3c4a7e145659cf17354c42b37bc296da', '476a03abfc', 'H4sIAAAAAAAAA81RwUoDQQw9b7/iMRcvZT7AiyCWXoQWxZOIpLNxHXZ2skxmlVL67+52tOKePfSSkLzk8V5ygCFnrmH8m92JBLOE6SlRN/aeYW5enx5XD/eb9Xp1Z/Aygvmd44QtqsPPak2ZbPCaNVNm/Usx7ejgHKuea05JUiH5ZfGxH7LtxjlqeCbjVqTtKLVQ+jhhG+l1iU+GkyHU8SojCNXYy5Cw+x5Way22gUkZOe1BDfloiwtpixgcF9UUTqqC8sxZ0RSk8XHmCmeS0cM/neISjlFVJU19R9FxuKw/4fgFHvpxILICAAA=', 1),(931, 175, 'btcredits', '3c4a7e145659cf17354c42b37bc296da', '1e7afe8fb0', 'H4sIAAAAAAAAAw3IOwqAQAwFwKuEV4ssUTesVxGLmMTKH1qKd3ennJeghpHwWBzRbqc6GsKlt+61J8KaQoRLcbUuGzO7pN4TDxJZlhDQTN8Pj0XlbUcAAAA=', 1),(932, 175, 'btfullscreen', '3c4a7e145659cf17354c42b37bc296da', 'd9b06a1dd3', 'H4sIAAAAAAAAA6tWUEpMVrJSUCquLC5JzdVLK83JKU4uSk3NU9JRUCpILErMBcpGK8QqKNQCAOmcQ3IsAAAA', 1),(933, 175, 'buci', '4aa344057a12a0d7e5635ebfe3fb564f', '31d8e0c40d', '', 1),(934, 175, 'logo', '4f6dc41b51b61a3d8b937286a6281045', '1bb87d41d1', 'H4sIAAAAAAAAA6tWUEpMVrJSUCpOTs1L1cvJT0xR0lFQKkgsSswFCkcrKCUbpaQYG5sYpyYZJRmmppkaGJgbmluYpqUapKQmphokKynEKtQCALg+Q4xHAAAA', 1),(935, 175, 'music', '91ec5ec8ae994565db475c6e2129eb2c', '93865a96e2', '', 1),(953, 178, 'background', 'f83be46442163608f70314115770f718', 'cf02971b47', 'H4sIAAAAAAAAA6tWUEpMVrJSUCpOTs1L1ctLLMtMTyxJVdJRUCpILErMBUpFKygVZaZnlCgpxCrUAgDM2rrpMAAAAA==', 1),(954, 178, 'btbegin', '3c4a7e145659cf17354c42b37bc296da', 'ac36a24383', '', 1),(955, 178, 'btbookmark', '3c4a7e145659cf17354c42b37bc296da', '476a03abfc', '', 1),(956, 178, 'btfullscreen', '3c4a7e145659cf17354c42b37bc296da', 'd9b06a1dd3', '', 1),(957, 178, 'buci', '4aa344057a12a0d7e5635ebfe3fb564f', '31d8e0c40d', '', 1),(958, 178, 'logo', '4f6dc41b51b61a3d8b937286a6281045', '1bb87d41d1', 'H4sIAAAAAAAAA6tWUEpMVrJSUCpOTs1L1ctLLMtMTyxJVdJRUCpILErMBUpFKygVZaZnlCgpxCrUAgDM2rrpMAAAAA==', 1),(959, 178, 'press', '2826b9e7a70d76cb354161acc1c86ce5', '02c7768f70', 'H4sIAAAAAAAAA6tWUEpMVrJSUCpOTs1L1ctLLMtMTyxJVdJRUCpILErMBUpFKygVZaZnlCgpxCrUAgDM2rrpMAAAAA==', 1),(960, 178, 'btcredits', '3c4a7e145659cf17354c42b37bc296da', '1e7afe8fb0', '', 1),(1038, 190, 'background', 'f83be46442163608f70314115770f718', 'cf02971b47', '', 1),(1039, 190, 'buci', '4aa344057a12a0d7e5635ebfe3fb564f', 'b46deac45d', '', 1),(1040, 190, 'left', '3c4a7e145659cf17354c42b37bc296da', 'd49a0debb0', 'H4sIAAAAAAAAA6tWUEpMVrJSUCpOTs1L1ctLLMtMTyxJVdJRUCpILErMBUpFKyjlpKaVKCnEKtQCALTv4/kvAAAA', 1),(1041, 190, 'menu', '3c4a7e145659cf17354c42b37bc296da', 'c8f445acfa', 'H4sIAAAAAAAAA6tWUEpMVrJSUCpOTs1L1ctLLMtMTyxJVdJRUCpILErMBUpFKyiVFigpxCrUAgBdu2V8LQAAAA==', 1),(1042, 190, 'music', '91ec5ec8ae994565db475c6e2129eb2c', '93865a96e2', '', 1),(1043, 190, 'right', '3c4a7e145659cf17354c42b37bc296da', 'beca4864ef', 'H4sIAAAAAAAAA6tWUEpMVrJSUCpOTs1L1ctLLMtMTyxJVdJRUCpILErMBUpFKygVZaZnlCgpxCrUAgDM2rrpMAAAAA==', 1),(1044, 190, 'text', 'd2ce44910398249e45de0be1702d01cb', 'd01f7e654e', '', 1),(1068, 194, 'background', 'f83be46442163608f70314115770f718', 'cf02971b47', '', 1),(1069, 194, 'buci', '4aa344057a12a0d7e5635ebfe3fb564f', 'd4e842dbbd', '', 1),(1070, 194, 'left', '3c4a7e145659cf17354c42b37bc296da', 'd49a0debb0', 'H4sIAAAAAAAAA6tWUEpMVrJSUCpOTs1L1ctLLMtMTyxJVdJRUCpILErMBUpFKyjlpKaVKCnEKtQCALTv4/kvAAAA', 1),(1071, 194, 'menu', '3c4a7e145659cf17354c42b37bc296da', 'c8f445acfa', 'H4sIAAAAAAAAA6tWUEpMVrJSUCpOTs1L1ctLLMtMTyxJVdJRUCpILErMBUpFKyiVFigpxCrUAgBdu2V8LQAAAA==', 1),(1072, 194, 'music', '91ec5ec8ae994565db475c6e2129eb2c', '93865a96e2', '', 1),(1073, 194, 'right', '3c4a7e145659cf17354c42b37bc296da', 'beca4864ef', 'H4sIAAAAAAAAA6tWUEpMVrJSUCpOTs1L1ctLLMtMTyxJVdJRUCpILErMBUpFKygVZaZnlCgpxCrUAgDM2rrpMAAAAA==', 1),(1074, 194, 'text', 'd2ce44910398249e45de0be1702d01cb', '15866909b6', '', 1),(1096, 198, 'background', 'f83be46442163608f70314115770f718', 'cf02971b47', '', 1),(1097, 198, 'buci', '4aa344057a12a0d7e5635ebfe3fb564f', '6ccb23efae', '', 1),(1098, 198, 'left', '3c4a7e145659cf17354c42b37bc296da', 'd49a0debb0', 'H4sIAAAAAAAAA6tWUEpMVrJSUCpOTs1L1ctLLMtMTyxJVdJRUCpILErMBUpFKyjlpKaVKCnEKtQCALTv4/kvAAAA', 1),(1099, 198, 'menu', '3c4a7e145659cf17354c42b37bc296da', 'c8f445acfa', 'H4sIAAAAAAAAA6tWUEpMVrJSUCpOTs1L1ctLLMtMTyxJVdJRUCpILErMBUpFKyiVFigpxCrUAgBdu2V8LQAAAA==', 1),(1100, 198, 'music', '91ec5ec8ae994565db475c6e2129eb2c', '93865a96e2', '', 1),(1101, 198, 'right', '3c4a7e145659cf17354c42b37bc296da', 'beca4864ef', 'H4sIAAAAAAAAA6tWUEpMVrJSUCpOTs1L1ctLLMtMTyxJVdJRUCpILErMBUpFKygVZaZnlCgpxCrUAgDM2rrpMAAAAA==', 1),(1102, 198, 'text', 'd2ce44910398249e45de0be1702d01cb', '363a1f38c9', '', 1),(1124, 202, 'background', 'f83be46442163608f70314115770f718', 'cf02971b47', '', 1),(1125, 202, 'buci', '4aa344057a12a0d7e5635ebfe3fb564f', 'c209756fdf', '', 1),(1126, 202, 'left', '3c4a7e145659cf17354c42b37bc296da', 'd49a0debb0', 'H4sIAAAAAAAAA6tWUEpMVrJSUCpOTs1L1ctLLMtMTyxJVdJRUCpILErMBUpFKyjlpKaVKCnEKtQCALTv4/kvAAAA', 1),(1127, 202, 'menu', '3c4a7e145659cf17354c42b37bc296da', 'c8f445acfa', 'H4sIAAAAAAAAA6tWUEpMVrJSUCpOTs1L1ctLLMtMTyxJVdJRUCpILErMBUpFKyiVFigpxCrUAgBdu2V8LQAAAA==', 1),(1128, 202, 'music', '91ec5ec8ae994565db475c6e2129eb2c', '93865a96e2', '', 1),(1129, 202, 'right', '3c4a7e145659cf17354c42b37bc296da', 'beca4864ef', 'H4sIAAAAAAAAA6tWUEpMVrJSUCpOTs1L1ctLLMtMTyxJVdJRUCpILErMBUpFKygVZaZnlCgpxCrUAgDM2rrpMAAAAA==', 1),(1130, 202, 'text', 'd2ce44910398249e45de0be1702d01cb', 'adcbafa721', '', 1),(1696, 259, 'background', 'f83be46442163608f70314115770f718', 'cf02971b47', '', 1),(1697, 259, 'btback', '3c4a7e145659cf17354c42b37bc296da', '7cf31720e9', 'H4sIAAAAAAAAA6tWUEpMVrJSUCpOTs1L1cvJT0xR0lFQKkgsSswFCkcrKKkUJKanZqYoKcQq1AIAWrlj3y4AAAA=', 1),(1698, 259, 'btbegin', '3c4a7e145659cf17354c42b37bc296da', '3404e354d5', 'H4sIAAAAAAAAA6tWUEpMVrJSUCpOTs1L1cvJT0xR0lFQKkgsSswFCkcrKCUbpaQYG5sYpyYZJRmmppkaGJgbmluYpqUapKQmphokKynEKtQCALg+Q4xHAAAA', 1),(1699, 259, 'btbookmark', '3c4a7e145659cf17354c42b37bc296da', 'c304d25c66', 'H4sIAAAAAAAAA81STUsDMRA9b3/FGAQvJT/AS0EsvQgVxUMpi0yz4xo2m1mSbEsp/e8mWerH4kkrmENC5mXee3nJAQQqcQ1Cv8gNsxFTEB06bGNtDWL2/PQ4f7hbLhbzWwFlBMMr2YRNisOptcKA0uOWfMBAI4bLDmsKOhga+n2vFHk/UHxwaNv1QbYRicdHFDfMTYuugaSRsBX3Djan6g59RqqLQYGb3FbCcVKkPTnH7ld6S+78FHYEintT2auQEdh/tiGlhHtD6AmC2wPWqK38xlCcsinjaRTjYMlwre1XQyW8k8QrnCX34u+jj2Oc/o9Vz/gAyVZeE6DQKjL/6m/A8Q1UPR/9kwMAAA==', 1),(1700, 259, 'btfullscreen', '3c4a7e145659cf17354c42b37bc296da', 'd9b06a1dd3', 'H4sIAAAAAAAAA6tWUEpMVrJSUCquLC5JzdVLK83JKU4uSk3NU9JRUCpILErMBcpGK8QqKNQCAOmcQ3IsAAAA', 1),(1701, 259, 'logo', '4f6dc41b51b61a3d8b937286a6281045', '1bb87d41d1', 'H4sIAAAAAAAAA6tWUEpMVrJSUCpOTs1L1cvJT0xR0lFQKkgsSswFCkcrKCUbpaQYG5sYpyYZJRmmppkaGJgbmluYpqUapKQmphokKynEKtQCALg+Q4xHAAAA', 1),(1702, 259, 'music', '91ec5ec8ae994565db475c6e2129eb2c', '93865a96e2', '', 1),(1770, 267, 'background', 'f83be46442163608f70314115770f718', 'cf02971b47', '', 1),(1771, 267, 'btbegin', '3c4a7e145659cf17354c42b37bc296da', 'ac36a24383', 'H4sIAAAAAAAAA6tWUEpMVrJSUCpOTs1L1ctLLMtMTyxJVdJRUCpILErMBUpFKygVZaZnlCgpxCrUAgDM2rrpMAAAAA==', 1),(1772, 267, 'btbookmark', '3c4a7e145659cf17354c42b37bc296da', '476a03abfc', 'H4sIAAAAAAAAA81RwUoDQQw9b7/iMRcvZT7AiyCWXoQWxZOIpLNxHXZ2skxmlVL67+52tOKePfSSkLzk8V5ygCFnrmH8m92JBLOE6SlRN/aeYW5enx5XD/eb9Xp1Z/Aygvmd44QtqsPPak2ZbPCaNVNm/Usx7ejgHKuea05JUiH5ZfGxH7LtxjlqeCbjVqTtKLVQ+jhhG+l1iU+GkyHU8SojCNXYy5Cw+x5Way22gUkZOe1BDfloiwtpixgcF9UUTqqC8sxZ0RSk8XHmCmeS0cM/neISjlFVJU19R9FxuKw/4fgFHvpxILICAAA=', 1),(1773, 267, 'btcredits', '3c4a7e145659cf17354c42b37bc296da', '1e7afe8fb0', '', 1),(1774, 267, 'btfullscreen', '3c4a7e145659cf17354c42b37bc296da', 'd9b06a1dd3', 'H4sIAAAAAAAAA6tWUEpMVrJSUCquLC5JzdVLK83JKU4uSk3NU9JRUCpILErMBcpGK8QqKNQCAOmcQ3IsAAAA', 1),(1775, 267, 'buci', '4aa344057a12a0d7e5635ebfe3fb564f', '510ea2f892', '', 1),(1776, 267, 'credits', 'c97bcfdef0f9f32993c9c4ab8156a6f7', 'aa6111ad17', '', 1),(1777, 267, 'logo', '4f6dc41b51b61a3d8b937286a6281045', '1bb87d41d1', 'H4sIAAAAAAAAA6tWUEpMVrJSUCpOTs1L1cvJT0xR0lFQKkgsSswFCkcrKCWbWRqampoaGSelGpibG5sYmhgnmqWYGxiYphpZJhoZKynEKtQCAMnucP5HAAAA', 1),(1778, 267, 'music', '91ec5ec8ae994565db475c6e2129eb2c', '93865a96e2', '', 1),(1867, 277, 'background', 'f83be46442163608f70314115770f718', 'cf02971b47', '', 1),(1868, 277, 'buci', '4aa344057a12a0d7e5635ebfe3fb564f', 'c209756fdf', '', 1),(1869, 277, 'bucislide', '2eac758ad6ae2feac8c4a080f1bf779c', 'e08fe7a0e9', '', 1),(1870, 277, 'left', '3c4a7e145659cf17354c42b37bc296da', 'd49a0debb0', 'H4sIAAAAAAAAA6tWUEpMVrJSUCpOTs1L1ctLLMtMTyxJVdJRUCpILErMBUpFKyjlpKaVKCnEKtQCALTv4/kvAAAA', 1),(1871, 277, 'menu', '3c4a7e145659cf17354c42b37bc296da', 'c8f445acfa', 'H4sIAAAAAAAAA6tWUEpMVrJSUCpOTs1L1ctLLMtMTyxJVdJRUCpILErMBUpFKyiVFigpxCrUAgBdu2V8LQAAAA==', 1),(1872, 277, 'music', '91ec5ec8ae994565db475c6e2129eb2c', '93865a96e2', '', 1),(1873, 277, 'right', '3c4a7e145659cf17354c42b37bc296da', 'beca4864ef', 'H4sIAAAAAAAAA6tWUEpMVrJSUCpOTs1L1ctLLMtMTyxJVdJRUCpILErMBUpFKygVZaZnlCgpxCrUAgDM2rrpMAAAAA==', 1),(1874, 277, 'text', 'd2ce44910398249e45de0be1702d01cb', 'c19c346c87', '', 1),(2115, 303, 'background', 'f83be46442163608f70314115770f718', 'cf02971b47', '', 1),(2116, 303, 'buci', '4aa344057a12a0d7e5635ebfe3fb564f', '25a4eed6ba', '', 1),(2117, 303, 'left', '3c4a7e145659cf17354c42b37bc296da', 'd49a0debb0', 'H4sIAAAAAAAAA6tWUEpMVrJSUCpOTs1L1ctLLMtMTyxJVdJRUCpILErMBUpFKyjlpKaVKCnEKtQCALTv4/kvAAAA', 1),(2118, 303, 'menu', '3c4a7e145659cf17354c42b37bc296da', 'c8f445acfa', 'H4sIAAAAAAAAA6tWUEpMVrJSUCpOTs1L1ctLLMtMTyxJVdJRUCpILErMBUpFKyiVFigpxCrUAgBdu2V8LQAAAA==', 1),(2119, 303, 'music', '91ec5ec8ae994565db475c6e2129eb2c', '93865a96e2', '', 1),(2120, 303, 'right', '3c4a7e145659cf17354c42b37bc296da', 'beca4864ef', 'H4sIAAAAAAAAA6tWUEpMVrJSUCpOTs1L1ctLLMtMTyxJVdJRUCpILErMBUpFKygVZaZnlCgpxCrUAgDM2rrpMAAAAA==', 1),(2121, 303, 'text', 'd2ce44910398249e45de0be1702d01cb', '8923e41742', '', 1),(2122, 303, 'video1', 'd8a774b86e8f06b9dcfa6e6c1023380a', '60d6d0f741', '', 1),(2123, 303, 'video2', 'd8a774b86e8f06b9dcfa6e6c1023380a', 'b133da02d7', '', 1),(2124, 303, 'video3', 'd8a774b86e8f06b9dcfa6e6c1023380a', 'a47aaecf32', '', 1),(2125, 304, 'background', 'f83be46442163608f70314115770f718', 'cf02971b47', '', 1),(2126, 304, 'buci', '4aa344057a12a0d7e5635ebfe3fb564f', '25a4eed6ba', '', 1),(2127, 304, 'left', '3c4a7e145659cf17354c42b37bc296da', 'd49a0debb0', 'H4sIAAAAAAAAA6tWUEpMVrJSUCpOTs1L1ctLLMtMTyxJVdJRUCpILErMBUpFKyjlpKaVKCnEKtQCALTv4/kvAAAA', 1),(2128, 304, 'menu', '3c4a7e145659cf17354c42b37bc296da', 'c8f445acfa', 'H4sIAAAAAAAAA6tWUEpMVrJSUCpOTs1L1ctLLMtMTyxJVdJRUCpILErMBUpFKyiVFigpxCrUAgBdu2V8LQAAAA==', 1),(2129, 304, 'music', '91ec5ec8ae994565db475c6e2129eb2c', '93865a96e2', '', 1),(2130, 304, 'right', '3c4a7e145659cf17354c42b37bc296da', 'beca4864ef', 'H4sIAAAAAAAAA6tWUEpMVrJSUCpOTs1L1ctLLMtMTyxJVdJRUCpILErMBUpFKygVZaZnlCgpxCrUAgDM2rrpMAAAAA==', 1),(2131, 304, 'text', 'd2ce44910398249e45de0be1702d01cb', '8923e41742', '', 1),(2132, 304, 'video1', 'd8a774b86e8f06b9dcfa6e6c1023380a', '60d6d0f741', '', 1),(2133, 304, 'video2', 'd8a774b86e8f06b9dcfa6e6c1023380a', 'b133da02d7', '', 1),(2134, 304, 'video3', 'd8a774b86e8f06b9dcfa6e6c1023380a', 'a47aaecf32', '', 1),(2135, 305, 'background', 'f83be46442163608f70314115770f718', 'cf02971b47', '', 1),(2136, 305, 'buci', '4aa344057a12a0d7e5635ebfe3fb564f', '25a4eed6ba', '', 1),(2137, 305, 'left', '3c4a7e145659cf17354c42b37bc296da', 'd49a0debb0', 'H4sIAAAAAAAAA6tWUEpMVrJSUCpOTs1L1ctLLMtMTyxJVdJRUCpILErMBUpFKyjlpKaVKCnEKtQCALTv4/kvAAAA', 1),(2138, 305, 'menu', '3c4a7e145659cf17354c42b37bc296da', 'c8f445acfa', 'H4sIAAAAAAAAA6tWUEpMVrJSUCpOTs1L1ctLLMtMTyxJVdJRUCpILErMBUpFKyiVFigpxCrUAgBdu2V8LQAAAA==', 1),(2139, 305, 'music', '91ec5ec8ae994565db475c6e2129eb2c', '93865a96e2', '', 1),(2140, 305, 'right', '3c4a7e145659cf17354c42b37bc296da', 'beca4864ef', 'H4sIAAAAAAAAA6tWUEpMVrJSUCpOTs1L1ctLLMtMTyxJVdJRUCpILErMBUpFKygVZaZnlCgpxCrUAgDM2rrpMAAAAA==', 1),(2141, 305, 'text', 'd2ce44910398249e45de0be1702d01cb', '8923e41742', '', 1),(2142, 305, 'video1', 'd8a774b86e8f06b9dcfa6e6c1023380a', '60d6d0f741', '', 1),(2143, 305, 'video2', 'd8a774b86e8f06b9dcfa6e6c1023380a', 'b133da02d7', '', 1),(2144, 305, 'video3', 'd8a774b86e8f06b9dcfa6e6c1023380a', 'a47aaecf32', '', 1),(2145, 306, 'background', 'f83be46442163608f70314115770f718', 'cf02971b47', '', 1),(2146, 306, 'buci', '4aa344057a12a0d7e5635ebfe3fb564f', '25a4eed6ba', '', 1),(2147, 306, 'left', '3c4a7e145659cf17354c42b37bc296da', 'd49a0debb0', 'H4sIAAAAAAAAA6tWUEpMVrJSUCpOTs1L1ctLLMtMTyxJVdJRUCpILErMBUpFKyjlpKaVKCnEKtQCALTv4/kvAAAA', 1),(2148, 306, 'menu', '3c4a7e145659cf17354c42b37bc296da', 'c8f445acfa', 'H4sIAAAAAAAAA6tWUEpMVrJSUCpOTs1L1ctLLMtMTyxJVdJRUCpILErMBUpFKyiVFigpxCrUAgBdu2V8LQAAAA==', 1),(2149, 306, 'music', '91ec5ec8ae994565db475c6e2129eb2c', '93865a96e2', '', 1),(2150, 306, 'right', '3c4a7e145659cf17354c42b37bc296da', 'beca4864ef', 'H4sIAAAAAAAAA6tWUEpMVrJSUCpOTs1L1ctLLMtMTyxJVdJRUCpILErMBUpFKygVZaZnlCgpxCrUAgDM2rrpMAAAAA==', 1),(2151, 306, 'text', 'd2ce44910398249e45de0be1702d01cb', '8923e41742', '', 1),(2152, 306, 'video1', 'd8a774b86e8f06b9dcfa6e6c1023380a', '60d6d0f741', '', 1),(2153, 306, 'video2', 'd8a774b86e8f06b9dcfa6e6c1023380a', 'b133da02d7', '', 1),(2154, 306, 'video3', 'd8a774b86e8f06b9dcfa6e6c1023380a', 'a47aaecf32', '', 1),(2155, 307, 'background', 'f83be46442163608f70314115770f718', 'cf02971b47', '', 1),(2156, 307, 'buci', '4aa344057a12a0d7e5635ebfe3fb564f', '0ab4193e01', '', 1),(2157, 307, 'facebook', '3c4a7e145659cf17354c42b37bc296da', '6905dacb7b', 'H4sIAAAAAAAAA6tWUEpMVrJSUCrOSCxK1UtLTE5Nys/PVtJRUCpILErMBUpFKyiVFJWmKinEKtQCAOM6ZyEvAAAA', 1),(2158, 307, 'left', '3c4a7e145659cf17354c42b37bc296da', 'd49a0debb0', 'H4sIAAAAAAAAA6tWUEpMVrJSUCpOTs1L1ctLLMtMTyxJVdJRUCpILErMBUpFKyjlpKaVKCnEKtQCALTv4/kvAAAA', 1),(2159, 307, 'link', '3c4a7e145659cf17354c42b37bc296da', 'ae986811bd', 'H4sIAAAAAAAAA12OQQrCMBRE1/YUY3BZegCXgqCgCKJuSpHYfuynTROSXzSIdzd1JW5mMcObmTKbvaB0rZZQIQYhU9TWRaGnqBzKaa9NykqoxfV83O0Pl+1aocI7/wF5cKMUhkLQd/rDNpxDWsJqrBlBrI/oeejw0AFpiamBWEQ7etQ9u5vVvilwYkOTH1rtCSzzqTXtJrXdtzhdyKoPbMemer4AAAA=', 1),(2160, 307, 'menu', '3c4a7e145659cf17354c42b37bc296da', 'c8f445acfa', 'H4sIAAAAAAAAA6tWUEpMVrJSUCpOTs1L1ctLLMtMTyxJVdJRUCpILErMBUpFKyiVFigpxCrUAgBdu2V8LQAAAA==', 1),(2161, 307, 'music', '91ec5ec8ae994565db475c6e2129eb2c', '93865a96e2', '', 1),(2162, 307, 'right', '3c4a7e145659cf17354c42b37bc296da', 'beca4864ef', 'H4sIAAAAAAAAA6tWUEpMVrJSUCpOTs1L1ctLLMtMTyxJVdJRUCpILErMBUpFKygVZaZnlCgpxCrUAgDM2rrpMAAAAA==', 1),(2163, 307, 'text', 'd2ce44910398249e45de0be1702d01cb', 'ef2454b56a', '', 1),(2164, 307, 'xshare', '3c4a7e145659cf17354c42b37bc296da', '7f794acafd', 'H4sIAAAAAAAAA6tWUEpMVrJSUCrOSCxK1atQ0lFQKkgsSswFikUrKJUUlaYqKcQq1AIA7BrSrCgAAAA=', 1),(2183, 310, 'background', 'f83be46442163608f70314115770f718', 'cf02971b47', '', 1),(2184, 310, 'buci', '4aa344057a12a0d7e5635ebfe3fb564f', '4061fc6131', '', 1),(2185, 310, 'left', '3c4a7e145659cf17354c42b37bc296da', 'd49a0debb0', 'H4sIAAAAAAAAA23LMQqFMBBF0VpXMUwtLsCtiMUYniKMUTLRRty7kTTfr+3lnrYsDmJx3BAHrCoOtVNIEFWLYfKjcUW8pjCnp6WO6KzoR+Uro+fKmyF4mcFJPVG/LPpJ7t0Q38IcPGov+zRKxJ9SDJmU3QXVGjnF0QAAAA==', 1),(2186, 310, 'menu', '3c4a7e145659cf17354c42b37bc296da', 'c8f445acfa', 'H4sIAAAAAAAAA6tWUEpMVrJSUCpOTs1L1ctLLMtMTyxJVdJRUCpILErMBUpFKyiVFigpxCrUAgBdu2V8LQAAAA==', 1),(2187, 310, 'music', '91ec5ec8ae994565db475c6e2129eb2c', '93865a96e2', '', 1),(2188, 310, 'right', '3c4a7e145659cf17354c42b37bc296da', 'beca4864ef', 'H4sIAAAAAAAAA6tWUEpMVrJSUCpOTs1L1ctLLMtMTyxJVdJRUCpILErMBUpFKygVZaZnlCgpxCrUAgDM2rrpMAAAAA==', 1),(2189, 310, 'text', 'd2ce44910398249e45de0be1702d01cb', 'f34f8d3759', '', 1),(2245, 318, 'background', 'f83be46442163608f70314115770f718', 'cf02971b47', '', 1),(2246, 318, 'buci', '4aa344057a12a0d7e5635ebfe3fb564f', '4061fc6131', '', 1),(2247, 318, 'left', '3c4a7e145659cf17354c42b37bc296da', 'd49a0debb0', 'H4sIAAAAAAAAA6tWUEpMVrJSUCpOTs1L1ctLLMtMTyxJVdJRUCpILErMBUpFKyjlpKaVKCnEKtQCALTv4/kvAAAA', 1),(2248, 318, 'menu', '3c4a7e145659cf17354c42b37bc296da', 'c8f445acfa', 'H4sIAAAAAAAAA6tWUEpMVrJSUCpOTs1L1ctLLMtMTyxJVdJRUCpILErMBUpFKyiVFigpxCrUAgBdu2V8LQAAAA==', 1),(2249, 318, 'music', '91ec5ec8ae994565db475c6e2129eb2c', '93865a96e2', '', 1),(2250, 318, 'right', '3c4a7e145659cf17354c42b37bc296da', 'beca4864ef', 'H4sIAAAAAAAAA6tWUEpMVrJSUCpOTs1L1ctLLMtMTyxJVdJRUCpILErMBUpFKygVZaZnlCgpxCrUAgDM2rrpMAAAAA==', 1),(2251, 318, 'text', 'd2ce44910398249e45de0be1702d01cb', '109a778b73', '', 1),(2252, 319, 'background', 'f83be46442163608f70314115770f718', 'cf02971b47', '', 1),(2253, 319, 'buci', '4aa344057a12a0d7e5635ebfe3fb564f', '4061fc6131', '', 1),(2254, 319, 'left', '3c4a7e145659cf17354c42b37bc296da', 'd49a0debb0', 'H4sIAAAAAAAAA6tWUEpMVrJSUCpOTs1L1ctLLMtMTyxJVdJRUCpILErMBUpFKyjlpKaVKCnEKtQCALTv4/kvAAAA', 1),(2255, 319, 'menu', '3c4a7e145659cf17354c42b37bc296da', 'c8f445acfa', 'H4sIAAAAAAAAA6tWUEpMVrJSUCpOTs1L1ctLLMtMTyxJVdJRUCpILErMBUpFKyiVFigpxCrUAgBdu2V8LQAAAA==', 1),(2256, 319, 'music', '91ec5ec8ae994565db475c6e2129eb2c', '93865a96e2', '', 1),(2257, 319, 'right', '3c4a7e145659cf17354c42b37bc296da', 'beca4864ef', 'H4sIAAAAAAAAA6tWUEpMVrJSUCpOTs1L1ctLLMtMTyxJVdJRUCpILErMBUpFKygVZaZnlCgpxCrUAgDM2rrpMAAAAA==', 1),(2258, 319, 'text', 'd2ce44910398249e45de0be1702d01cb', 'd10442ae56', '', 1),(2273, 322, 'background', 'f83be46442163608f70314115770f718', 'cf02971b47', '', 1),(2274, 322, 'buci', '4aa344057a12a0d7e5635ebfe3fb564f', '4061fc6131', '', 1),(2275, 322, 'left', '3c4a7e145659cf17354c42b37bc296da', 'd49a0debb0', 'H4sIAAAAAAAAA6tWUEpMVrJSUCpOTs1L1ctLLMtMTyxJVdJRUCpILErMBUpFKyjlpKaVKCnEKtQCALTv4/kvAAAA', 1),(2276, 322, 'menu', '3c4a7e145659cf17354c42b37bc296da', 'c8f445acfa', 'H4sIAAAAAAAAA6tWUEpMVrJSUCpOTs1L1ctLLMtMTyxJVdJRUCpILErMBUpFKyiVFigpxCrUAgBdu2V8LQAAAA==', 1),(2277, 322, 'music', '91ec5ec8ae994565db475c6e2129eb2c', '93865a96e2', '', 1),(2278, 322, 'right', '3c4a7e145659cf17354c42b37bc296da', 'beca4864ef', 'H4sIAAAAAAAAA43OT2sCMRAF8LN+ihA8ypJYjdteCoJHeyj0JB5mk5d1acxqEoUi/e7NWuifQKGHmcMb3o+5Mk6aPzDe2arpe8enjB8p0CFnW8YfT2eEt/6Vs10+pD38kI9H1//UPB1QFr+bAUdHGlVEiil0vi2M7dPLZrV+3g3x5OYFxLNLMZPsfcp+WlHDo3I9mQIhNM1SkNbzmTbKWixglrVorFpIGHV3s8aj4Ue4iPLHP11RC6qVtDBCajkTkFrXJIVS92Tm9OXm9dsuaE+XrqWEgg9du0+fRp4PvTNILKQBAAA=', 1),(2279, 322, 'text', 'd2ce44910398249e45de0be1702d01cb', '81a6f1f00c', '', 1),(2289, 324, 'background', 'f83be46442163608f70314115770f718', 'cf02971b47', '', 1),(2290, 324, 'buci', '4aa344057a12a0d7e5635ebfe3fb564f', '9697cac786', '', 1),(2291, 324, 'left', '3c4a7e145659cf17354c42b37bc296da', 'd49a0debb0', 'H4sIAAAAAAAAA6tWUEpMVrJSUCpOTs1L1ctLLMtMTyxJVdJRUCpILErMBUpFKyjlpKaVKCnEKtQCALTv4/kvAAAA', 1),(2292, 324, 'menu', '3c4a7e145659cf17354c42b37bc296da', 'c8f445acfa', 'H4sIAAAAAAAAA6tWUEpMVrJSUCpOTs1L1ctLLMtMTyxJVdJRUCpILErMBUpFKyiVFigpxCrUAgBdu2V8LQAAAA==', 1),(2293, 324, 'music', '91ec5ec8ae994565db475c6e2129eb2c', '93865a96e2', '', 1),(2294, 324, 'nevermind', '3c4a7e145659cf17354c42b37bc296da', 'bc6903d8eb', 'H4sIAAAAAAAAA32QwQ6CMBBEz/IVm54J3r158Kg/QDiszVo2KVvSVowx/rsUwRhArzM7LzNbZpsHKNRqB+rsnC0CRZWDatFj04slKMGGRjX6Kymo4JnDVy5Ez2JWktdAPqWT3B+hGPJw41iDOBiMBctTa1FTgr2xM2R52h8P1V/gb+KFLc14o7tNkKnqpIlb74iC9h5Zh4I6kvnojgNH99ktbuVhmoQKwY4NxkUjNnUcMln1AqWFTVmeAQAA', 1),(2295, 324, 'right', '3c4a7e145659cf17354c42b37bc296da', 'beca4864ef', 'H4sIAAAAAAAAA6tWUEpMVrJSUMpM00vKz89R0lFQKkgsSswFikUrKOUl5qYWp5YoKcQCxUsyUvPAwlyc1TBtxcmpeal6eYllmemJJalouosy0zNAehVqFbhABqTmFKeCZYAiACSt9W15AAAA', 1),(2296, 324, 'tellname', '3c4a7e145659cf17354c42b37bc296da', '3ca8e9a5b5', 'H4sIAAAAAAAAA61TsW7CMBCd6VecLEaU7ixVB7a2qlqqVkKoulpHsGrs9GxTRaj/XhsIRCEBhgwe8s7v+d7dywYESjEGoUwRfOY8K5OLEYgCGVexMAMRHLHBFSX4fYkelIPSBoYE3gmYR9x+p7s3g8GmEvyyVmeOfEMscfao50CRDX8jqBOZCo2SEre1ndnT/eNknsDhobOockZmoTQ1RPbV21/ll5W3E+y0NzSoS6+ky2hNpultrZzy9jCrklyLhESts4KtJOca/OHndPIxfR0/76qA0itr4O3loek2frogtxK7sQ/iSSgxW66wS7v4CcRl3FxEF6hdzfCRultBF5nJBe23PtrI596tpnR8OVloTstJMpQZXKsc/ckSVb70e2oyL9FI0r0FsdN6/YeIl9DkxJBSA8ZCR3KuT3WnYn8JN7aPfBvbNrQrFxbPP/7+DyZ8BAAA', 1),(2297, 324, 'text', 'd2ce44910398249e45de0be1702d01cb', '9da7a9617a', '', 1),(2298, 325, 'background', 'f83be46442163608f70314115770f718', 'cf02971b47', '', 1),(2299, 325, 'buci', '4aa344057a12a0d7e5635ebfe3fb564f', 'baa9d42eab', '', 1),(2300, 325, 'left', '3c4a7e145659cf17354c42b37bc296da', 'd49a0debb0', 'H4sIAAAAAAAAA6tWUEpMVrJSUCpOTs1L1ctLLMtMTyxJVdJRUCpILErMBUpFKyjlpKaVKCnEKtQCALTv4/kvAAAA', 1),(2301, 325, 'menu', '3c4a7e145659cf17354c42b37bc296da', 'c8f445acfa', 'H4sIAAAAAAAAA6tWUEpMVrJSUCpOTs1L1ctLLMtMTyxJVdJRUCpILErMBUpFKyiVFigpxCrUAgBdu2V8LQAAAA==', 1),(2302, 325, 'music', '91ec5ec8ae994565db475c6e2129eb2c', '93865a96e2', '', 1),(2303, 325, 'right', '3c4a7e145659cf17354c42b37bc296da', 'beca4864ef', 'H4sIAAAAAAAAA6tWUEpMVrJSUCpOTs1L1ctLLMtMTyxJVdJRUCpILErMBUpFKygVZaZnlCgpxCrUAgDM2rrpMAAAAA==', 1),(2304, 325, 'text', 'd2ce44910398249e45de0be1702d01cb', '6d6e64b86e', '', 1);
INSERT INTO `keyframes` (`kf_id`, `kf_scene`, `kf_order`) VALUES (1, 1, 0),(2, 2, 0),(3, 3, 0),(4, 4, 0),(5, 5, 0),(6, 6, 0),(7, 7, 0),(8, 8, 0),(9, 9, 0),(144, 144, 0),(145, 145, 0),(146, 146, 0),(158, 158, 0),(175, 175, 0),(178, 178, 0),(190, 190, 0),(194, 194, 0),(198, 198, 0),(202, 202, 0),(259, 228, 0),(267, 233, 0),(277, 237, 0),(303, 251, 0),(304, 251, 1),(305, 251, 2),(306, 251, 3),(307, 252, 0),(310, 255, 0),(318, 263, 0),(319, 264, 0),(322, 267, 0),(324, 269, 0),(325, 270, 0);
INSERT INTO `movies` (`mv_id`, `mv_user`, `mv_collaborators`, `mv_author`, `mv_title`, `mv_about`, `mv_copyright`, `mv_copyleft`, `mv_tags`, `mv_favicon`, `mv_image`, `mv_key`, `mv_start`, `mv_acstart`, `mv_screenbig`, `mv_screensmall`, `mv_screentype`, `mv_screenbg`, `mv_interval`, `mv_origin`, `mv_animation`, `mv_fonts`, `mv_style`, `mv_actions`, `mv_theme`, `mv_texts`, `mv_numbers`, `mv_flags`, `mv_plugins`, `mv_created`, `mv_updated`) VALUES ('tilbuci', '', '', 'TilBuci', 'TilBuci', '', 'Lucas Junqueira', 'Lucas Junqueira', '', '', '', '', 'c2dd3343eb2b1ef50071785fe0deae0c', 'H4sIAAAAAAAAA6tWUEpMVrJSUCoqzVPSUVAqSCxKzAXyoxWUknNSE4sUEnNyFMoSizITk3JSi5UUYhVqATkqDc0zAAAA', 1920, 1080, 'both', '0x000000', 1.00, 'alpha', 'cubic.out', 'H4sIAAAAAAAAA4uuVspLzE1VslIqyk/KL8lX0lFKy8xB8PXK89PSjJRqYwGws3TEKQAAAA==', 'H4sIAAAAAAAAA6XQuw7CMAwF0Ln5CgvmovIc0omB8gEMzGnrgqU0roJ5i3+nhXZBSAjI4OEq8bnKQEgswlUFBTsJC1OSPWvozQ/oycCqngUs10kvVkHGlr2GfpIskiiK2ydHpM1WNKRs8y7b0QU1zJo7pfEbcmHKIlGpYRRVp1jdlBqQYPmt25zP7uTF5dodPtwuFa66qKkieJJ/qjzZ8Rt22hLmxx9umoU5ZuyNEDsNe5ejt+SwXnsHivxv37wBAAA=', 'H4sIAAAAAAAAA32NPQqAMAyFrxIyiwfoVZoOqVQpxFRqcRHvbnQU6fTyfj7iT1ReEzqcJHEFFoGDa+YoaccBebLKk1I7gcwROtOsbXz3NiccLNnsXp/SQ4DLkg8RS5Ee8sfMUrj75w/aW8269CnSgFe4AQNuQGv7AAAA', 'H4sIAAAAAAAAA6tWKslIzU11zs/JL1KyUjKoMAADpVoAsMxVOBkAAAA=', 'H4sIAAAAAAAAA6tWCijKT04tLlZITC7JzM9TCA3yUbJSyigpKSi20tcvycxJKk3O1EvOz9VLKtJPLi0uyc+FixZkFCjVAgBNtQPoQgAAAA==', '', '', 'original.debug,original.share,google-analytics,server-call', '2024-06-24 17:21:40', '2024-07-13 10:24:08');
INSERT INTO `scenes` (`sc_uid`, `sc_id`, `sc_movie`, `sc_published`, `sc_title`, `sc_about`, `sc_image`, `sc_up`, `sc_down`, `sc_left`, `sc_right`, `sc_nin`, `sc_nout`, `sc_collections`, `sc_loop`, `sc_acstart`, `sc_ackeyframes`, `sc_user`, `sc_date`) VALUES (144, '16826d8b668429fb4328da584e765cb0', 'tilbuci', 1, 'Page 02', '', '', '2427ce6be1c257af12f9c43c5efb2bc4', '', '56df39e3353a4aca9c418847bb992fc4', 'b36cff1ed418288467dc0ee17d9d4156', '', '', 'f83be46442163608f70314115770f718,4aa344057a12a0d7e5635ebfe3fb564f,3c4a7e145659cf17354c42b37bc296da,91ec5ec8ae994565db475c6e2129eb2c,d2ce44910398249e45de0be1702d01cb', 0, 'H4sIAAAAAAAAA4vm4qxWUEpMVrJSUCouKcrMS9crTi1R0lFQKkgsSswFCkeDmOmpmSkgQZX4YGdXP1dPFyWFWIVaHQVidZdkluSkIhkQ4hni4wo2gysWAIZVzmGDAAAA', '', 'chokito76@gmail.com', '2024-07-04 16:22:45'),(145, 'b36cff1ed418288467dc0ee17d9d4156', 'tilbuci', 1, 'Page 03', '', '', '2427ce6be1c257af12f9c43c5efb2bc4', '', '16826d8b668429fb4328da584e765cb0', '0142165641718f0007135846c7d448b3', '', '', 'f83be46442163608f70314115770f718,4aa344057a12a0d7e5635ebfe3fb564f,3c4a7e145659cf17354c42b37bc296da,91ec5ec8ae994565db475c6e2129eb2c,d2ce44910398249e45de0be1702d01cb', 0, 'H4sIAAAAAAAAA4vm4qxWUEpMVrJSUCouKcrMS9crTi1R0lFQKkgsSswFCkeDmOmpmSkgQZX4YGdXP1dPFyWFWIVaHQVidZdkluSkIhkQ4hni4wo2gysWAIZVzmGDAAAA', '', 'chokito76@gmail.com', '2024-07-04 16:23:04'),(146, '0142165641718f0007135846c7d448b3', 'tilbuci', 1, 'Page 04', '', '', '2427ce6be1c257af12f9c43c5efb2bc4', '', 'b36cff1ed418288467dc0ee17d9d4156', 'c85152a8dc729c39d1a3813f1f12262b', '', '', 'f83be46442163608f70314115770f718,4aa344057a12a0d7e5635ebfe3fb564f,3c4a7e145659cf17354c42b37bc296da,91ec5ec8ae994565db475c6e2129eb2c,d2ce44910398249e45de0be1702d01cb', 0, 'H4sIAAAAAAAAA4vm4qxWUEpMVrJSUCouKcrMS9crTi1R0lFQKkgsSswFCkeDmOmpmSkgQZX4YGdXP1dPFyWFWIVaHQVidZdkluSkIhkQ4hni4wo2gysWAIZVzmGDAAAA', '', 'chokito76@gmail.com', '2024-07-04 16:23:18'),(158, 'c85152a8dc729c39d1a3813f1f12262b', 'tilbuci', 1, 'Page 05', '', '', '2427ce6be1c257af12f9c43c5efb2bc4', '', '0142165641718f0007135846c7d448b3', '500c61b9bbfeb1c787253fbfa31f59ed', '', '', 'f83be46442163608f70314115770f718,4aa344057a12a0d7e5635ebfe3fb564f,3c4a7e145659cf17354c42b37bc296da,91ec5ec8ae994565db475c6e2129eb2c,d2ce44910398249e45de0be1702d01cb', 0, 'H4sIAAAAAAAAA4vm4qxWUEpMVrJSUCouKcrMS9crTi1R0lFQKkgsSswFCkeDmOmpmSkgQZX4YGdXP1dPFyWFWIVaHQVidZdkluSkIhkQ4hni4wo2gysWAIZVzmGDAAAA', '', 'chokito76@gmail.com', '2024-07-04 18:04:05'),(175, 'c69155523be07734143a6d7005e29a23', 'tilbuci', 1, 'Main menu', '', '', '', '', '', '56df39e3353a4aca9c418847bb992fc4', '', '', 'f83be46442163608f70314115770f718,3c4a7e145659cf17354c42b37bc296da,4aa344057a12a0d7e5635ebfe3fb564f,4f6dc41b51b61a3d8b937286a6281045,91ec5ec8ae994565db475c6e2129eb2c', 0, 'H4sIAAAAAAAAAwMAAAAAAAAAAAA=', '', 'chokito76@gmail.com', '2024-07-05 08:52:25'),(178, 'c2dd3343eb2b1ef50071785fe0deae0c', 'tilbuci', 1, 'TilBuci', '', '', '', '', '', 'c69155523be07734143a6d7005e29a23', '', '', 'f83be46442163608f70314115770f718,3c4a7e145659cf17354c42b37bc296da,4aa344057a12a0d7e5635ebfe3fb564f,4f6dc41b51b61a3d8b937286a6281045,2826b9e7a70d76cb354161acc1c86ce5', 0, 'H4sIAAAAAAAAAwMAAAAAAAAAAAA=', '', 'chokito76@gmail.com', '2024-07-05 09:26:44'),(190, 'd18fea3b6d4302fcf3662f14b7866eb6', 'tilbuci', 1, 'Page 09', '', '', '2427ce6be1c257af12f9c43c5efb2bc4', '', '3a4fc07066c10e02ecbb3ab9c4df986b', '4f28a518a06c6af409d16980cfb50ba0', '', '', 'f83be46442163608f70314115770f718,4aa344057a12a0d7e5635ebfe3fb564f,3c4a7e145659cf17354c42b37bc296da,91ec5ec8ae994565db475c6e2129eb2c,d2ce44910398249e45de0be1702d01cb', 0, 'H4sIAAAAAAAAA4vm4qxWUEpMVrJSUCouKcrMS9crTi1R0lFQKkgsSswFCkeDmOmpmSkgQZX4YGdXP1dPFyWFWIVaHQVidZdkluSkIhkQ4hni4wo2gysWAIZVzmGDAAAA', '', 'chokito76@gmail.com', '2024-07-05 11:10:47'),(194, '4f28a518a06c6af409d16980cfb50ba0', 'tilbuci', 1, 'Page 10', '', '', '2427ce6be1c257af12f9c43c5efb2bc4', '', 'd18fea3b6d4302fcf3662f14b7866eb6', '4c892f723713a18b1c2f71ee2f8a0019', '', '', 'f83be46442163608f70314115770f718,4aa344057a12a0d7e5635ebfe3fb564f,3c4a7e145659cf17354c42b37bc296da,91ec5ec8ae994565db475c6e2129eb2c,d2ce44910398249e45de0be1702d01cb', 0, 'H4sIAAAAAAAAA4vm4qxWUEpMVrJSUCouKcrMS9crTi1R0lFQKkgsSswFCkeDmOmpmSkgQZX4YGdXP1dPFyWFWIVaHQVidZdkluSkIhkQ4hni4wo2gysWAIZVzmGDAAAA', '', 'chokito76@gmail.com', '2024-07-05 13:03:21'),(198, '4c892f723713a18b1c2f71ee2f8a0019', 'tilbuci', 1, 'Page 11', '', '', '2427ce6be1c257af12f9c43c5efb2bc4', '', '4f28a518a06c6af409d16980cfb50ba0', '38005399586d416d99bb4d975a03b606', '', '', 'f83be46442163608f70314115770f718,4aa344057a12a0d7e5635ebfe3fb564f,3c4a7e145659cf17354c42b37bc296da,91ec5ec8ae994565db475c6e2129eb2c,d2ce44910398249e45de0be1702d01cb', 0, 'H4sIAAAAAAAAA4vm4qxWUEpMVrJSUCouKcrMS9crTi1R0lFQKkgsSswFCkeDmOmpmSkgQZX4YGdXP1dPFyWFWIVaHQVidZdkluSkIhkQ4hni4wo2gysWAIZVzmGDAAAA', '', 'chokito76@gmail.com', '2024-07-05 13:26:57'),(202, '38005399586d416d99bb4d975a03b606', 'tilbuci', 1, 'Page 12', '', '', '2427ce6be1c257af12f9c43c5efb2bc4', '', '4c892f723713a18b1c2f71ee2f8a0019', 'd2ff8d65f685b9f0268b962baaf70354', '', '', 'f83be46442163608f70314115770f718,4aa344057a12a0d7e5635ebfe3fb564f,3c4a7e145659cf17354c42b37bc296da,91ec5ec8ae994565db475c6e2129eb2c,d2ce44910398249e45de0be1702d01cb', 0, 'H4sIAAAAAAAAA4vm4qxWUEpMVrJSUCouKcrMS9crTi1R0lFQKkgsSswFCkeDmOmpmSkgQZX4YGdXP1dPFyWFWIVaHQVidZdkluSkIhkQ4hni4wo2gysWAIZVzmGDAAAA', '', 'chokito76@gmail.com', '2024-07-05 13:59:26'),(228, '2427ce6be1c257af12f9c43c5efb2bc4', 'tilbuci', 1, 'Scene menu', '', '', '', '', '', '56df39e3353a4aca9c418847bb992fc4', '', '', 'f83be46442163608f70314115770f718,3c4a7e145659cf17354c42b37bc296da,4f6dc41b51b61a3d8b937286a6281045,91ec5ec8ae994565db475c6e2129eb2c', 0, 'H4sIAAAAAAAAAwMAAAAAAAAAAAA=', '', 'chokito76@gmail.com', '2024-07-05 17:51:26'),(233, 'f0e77299dac36c222d704d0257e67be7', 'tilbuci', 1, 'Credits', '', '', '', '', '', '', '', '', 'f83be46442163608f70314115770f718,3c4a7e145659cf17354c42b37bc296da,4aa344057a12a0d7e5635ebfe3fb564f,c97bcfdef0f9f32993c9c4ab8156a6f7,4f6dc41b51b61a3d8b937286a6281045,91ec5ec8ae994565db475c6e2129eb2c', 0, 'H4sIAAAAAAAAAwMAAAAAAAAAAAA=', '', 'chokito76@gmail.com', '2024-07-05 18:03:10'),(237, 'd2ff8d65f685b9f0268b962baaf70354', 'tilbuci', 1, 'Page 13', '', '', '2427ce6be1c257af12f9c43c5efb2bc4', '', '38005399586d416d99bb4d975a03b606', '8c24a9b1d1012e1777b0265fc1c4c34f', '', '', 'f83be46442163608f70314115770f718,4aa344057a12a0d7e5635ebfe3fb564f,2eac758ad6ae2feac8c4a080f1bf779c,3c4a7e145659cf17354c42b37bc296da,91ec5ec8ae994565db475c6e2129eb2c,d2ce44910398249e45de0be1702d01cb', 0, 'H4sIAAAAAAAAA4vm4qxWUEpMVrJSUCouKcrMS9crTi1R0lFQKkgsSswFCkeDmOmpmSkgQZX4YGdXP1dPFyWFWIVaHQVidZdkluSkIhkQ4hni4wo2gysWAIZVzmGDAAAA', '', 'chokito76@gmail.com', '2024-07-05 22:09:05'),(251, '8c24a9b1d1012e1777b0265fc1c4c34f', 'tilbuci', 1, 'Page 14', '', '', '2427ce6be1c257af12f9c43c5efb2bc4', '', 'd2ff8d65f685b9f0268b962baaf70354', '7597dcf6b6c702a5b571643489cdb2a2', '', '', 'f83be46442163608f70314115770f718,4aa344057a12a0d7e5635ebfe3fb564f,3c4a7e145659cf17354c42b37bc296da,91ec5ec8ae994565db475c6e2129eb2c,d2ce44910398249e45de0be1702d01cb,d8a774b86e8f06b9dcfa6e6c1023380a', 0, 'H4sIAAAAAAAAA4vm4qxWUEpMVrJSUCouKcrMS9crTi1R0lFQKkgsSswFCkeDmOmpmSkgQZX4YGdXP1dPFyWFWIVaHQVidZdkluSkIhkQ4hni4wo2gysWAIZVzmGDAAAA', ',,,', 'chokito76@gmail.com', '2024-07-08 14:52:14'),(252, '7597dcf6b6c702a5b571643489cdb2a2', 'tilbuci', 1, 'Page 15', '', '', '2427ce6be1c257af12f9c43c5efb2bc4', '', '8c24a9b1d1012e1777b0265fc1c4c34f', '', '', '', 'f83be46442163608f70314115770f718,4aa344057a12a0d7e5635ebfe3fb564f,3c4a7e145659cf17354c42b37bc296da,91ec5ec8ae994565db475c6e2129eb2c,d2ce44910398249e45de0be1702d01cb', 0, 'H4sIAAAAAAAAA4vm4qxWUEpMVrJSUCouKcrMS9crTi1R0lFQKkgsSswFCkeDmOmpmSkgQZX4YGdXP1dPFyWFWIVaHQVidZdkluSkIhkQ4hni4wo2gysWAIZVzmGDAAAA', '', 'chokito76@gmail.com', '2024-07-08 15:12:16'),(255, '3a4fc07066c10e02ecbb3ab9c4df986b', 'tilbuci', 1, 'Page 08', '', '', '2427ce6be1c257af12f9c43c5efb2bc4', '', '500c61b9bbfeb1c787253fbfa31f59ed', 'd18fea3b6d4302fcf3662f14b7866eb6', '', '', 'f83be46442163608f70314115770f718,4aa344057a12a0d7e5635ebfe3fb564f,3c4a7e145659cf17354c42b37bc296da,91ec5ec8ae994565db475c6e2129eb2c,d2ce44910398249e45de0be1702d01cb', 0, 'H4sIAAAAAAAAA4vm4qxWUEpMVrJSUCouKcrMS9crTi1R0lFQKkgsSswFCkeDmOmpmSkgQZX4YGdXP1dPFyWFWIVaHQVidZdkluSkIhkQ4hni4wo2gysWAIZVzmGDAAAA', '', 'chokito76@gmail.com', '2024-07-08 16:02:35'),(263, '080a861fed01c120e1cc8a10669ad4a3', 'tilbuci', 1, 'Page 07 extra 2', '', '', '2427ce6be1c257af12f9c43c5efb2bc4', '', '500c61b9bbfeb1c787253fbfa31f59ed', '3a4fc07066c10e02ecbb3ab9c4df986b', '', '', 'f83be46442163608f70314115770f718,4aa344057a12a0d7e5635ebfe3fb564f,3c4a7e145659cf17354c42b37bc296da,91ec5ec8ae994565db475c6e2129eb2c,d2ce44910398249e45de0be1702d01cb', 0, 'H4sIAAAAAAAAA4vm4qxWUEpMVrJSUCouKcrMS9crTi1R0lFQKkgsSswFCkeDmOmpmSkgQZX4YGdXP1dPFyWFWIVaHQVidZdkluSkIhkQ4hni4wo2gysWAIZVzmGDAAAA', '', 'chokito76@gmail.com', '2024-07-11 16:48:45'),(264, 'aebb70acc42cd6ffe5ed780bf651ed63', 'tilbuci', 1, 'Page 07 extra', '', '', '2427ce6be1c257af12f9c43c5efb2bc4', '', '500c61b9bbfeb1c787253fbfa31f59ed', '3a4fc07066c10e02ecbb3ab9c4df986b', '', '', 'f83be46442163608f70314115770f718,4aa344057a12a0d7e5635ebfe3fb564f,3c4a7e145659cf17354c42b37bc296da,91ec5ec8ae994565db475c6e2129eb2c,d2ce44910398249e45de0be1702d01cb', 0, 'H4sIAAAAAAAAA4vm4qxWUEpMVrJSUCouKcrMS9crTi1R0lFQKkgsSswFCkeDmOmpmSkgQZX4YGdXP1dPFyWFWIVaHQVidZdkluSkIhkQ4hni4wo2gysWAIZVzmGDAAAA', '', 'chokito76@gmail.com', '2024-07-11 16:49:00'),(267, '2baee7e3aee16b7c3e3a57037bab19ed', 'tilbuci', 1, 'Page 07', '', '', '2427ce6be1c257af12f9c43c5efb2bc4', '', '500c61b9bbfeb1c787253fbfa31f59ed', '3a4fc07066c10e02ecbb3ab9c4df986b', '', '', 'f83be46442163608f70314115770f718,4aa344057a12a0d7e5635ebfe3fb564f,3c4a7e145659cf17354c42b37bc296da,91ec5ec8ae994565db475c6e2129eb2c,d2ce44910398249e45de0be1702d01cb', 0, 'H4sIAAAAAAAAA4vm4qxWUEpMVrJSUCouKcrMS9crTi1R0lFQKkgsSswFCkeDmOmpmSkgQZX4YGdXP1dPFyWFWIVaHQVidZdkluSkIhkQ4hni4wo2gysWAIZVzmGDAAAA', '', 'chokito76@gmail.com', '2024-07-11 16:56:08'),(269, '500c61b9bbfeb1c787253fbfa31f59ed', 'tilbuci', 1, 'Page 06', '', '', '2427ce6be1c257af12f9c43c5efb2bc4', '', 'c85152a8dc729c39d1a3813f1f12262b', '2baee7e3aee16b7c3e3a57037bab19ed', '', '', 'f83be46442163608f70314115770f718,4aa344057a12a0d7e5635ebfe3fb564f,3c4a7e145659cf17354c42b37bc296da,91ec5ec8ae994565db475c6e2129eb2c,d2ce44910398249e45de0be1702d01cb', 0, 'H4sIAAAAAAAAA4vm4qxWUEpMVrJSUCouKcrMS9crTi1R0lFQKkgsSswFCkeDmOmpmSkgQZX4YGdXP1dPFyWFWIVaHQVidZdkluSkIhkQ4hni44ppRlJ+fg4WE/ISc1OhommJOcWpJFheWpxaBNIOEibavsLS1KLK/Gw89uHTCLOOVKeCNRelFpfmlBTDncsVCwALzmsyogEAAA==', '', 'chokito76@gmail.com', '2024-07-11 18:04:41'),(270, '56df39e3353a4aca9c418847bb992fc4', 'tilbuci', 1, 'Page 01', '', '', '2427ce6be1c257af12f9c43c5efb2bc4', '', 'c69155523be07734143a6d7005e29a23', '16826d8b668429fb4328da584e765cb0', '', '', 'f83be46442163608f70314115770f718,4aa344057a12a0d7e5635ebfe3fb564f,3c4a7e145659cf17354c42b37bc296da,91ec5ec8ae994565db475c6e2129eb2c,d2ce44910398249e45de0be1702d01cb', 0, 'H4sIAAAAAAAAA4vm4qxWUEpMVrJSUCouKcrMS9crTi1R0lFQKkgsSswFCkeDmOmpmSkgQZX4YGdXP1dPFyWFWIVaHQVidZdkluSkIhkQ4hni4wo2gysWAIZVzmGDAAAA', '', 'chokito76@gmail.com', '2024-07-12 14:10:12');